date,time_et,bar_idx,direction,entry_price,scenario,vol_ratio_raw,vol_ratio_rate,vol_per_sec,duration_sec,volume,div_raw,div_gap,cvd_norm,grade_estimate,score_estimate,outcome,pnl,mfe,mae,bars_held
2026-03-02,09:30:06,304,short,6809.0,A,1.7976,5.3111,347.2991,14.31,4971,2,0.5117,0.749,B,20.8,LOSS,-8,4.5,-8.75,4
2026-03-02,09:30:06,304,short,6809.0,B,1.7976,5.3111,347.2991,14.31,4971,2,0.5117,0.749,B,20.8,LOSS,-8,4.5,-8.75,4
2026-03-02,09:30:06,304,short,6809.0,C,1.7976,5.3111,347.2991,14.31,4971,2,0.5117,0.749,B,20.8,LOSS,-8,4.5,-8.75,4
2026-03-02,09:35:56,321,short,6844.0,A,1.985,0.6217,131.9644,53.84,7105,1,0.2778,1.0,C,14.5,WIN,10,11.75,-5.0,8
2026-03-02,09:39:00,327,short,6837.5,B,0.3046,1.7688,288.2257,4.01,1155,1,0.3713,0.6172,C,14.5,LOSS,-8,5.25,-10.0,13
2026-03-02,09:42:03,336,short,6845.0,A,2.3941,0.7057,99.1981,76.38,7577,2,0.5882,1.0,A,29.2,LOSS,-8,8.25,-9.0,9
2026-03-02,09:45:11,342,short,6851.5,B,1.2011,1.7188,215.6876,15.98,3446,1,0.3559,1.0,C,14.5,LOSS,-8,8.5,-9.5,30
2026-03-02,09:48:32,348,short,6857.25,A,1.4743,0.6045,70.1356,64.87,4550,1,0.381,1.0,C,14.5,WIN,10,10.75,-0.75,3
2026-03-02,09:52:06,352,long,6843.0,B,1.1353,1.5174,153.8621,24.5,3770,2,0.5561,-0.8061,B,20.8,WIN,10,11.75,0.0,10
2026-03-02,09:53:05,355,long,6848.25,A,1.4017,1.0304,111.9279,42.67,4776,1,0.3671,-0.8671,C,14.5,WIN,10,12.75,-4.5,17
2026-03-02,10:00:10,366,long,6853.5,B,0.4727,1.4648,134.5161,11.75,1580,1,0.3633,-0.2995,C,14.5,LOSS,-8,0.75,-8.75,2
2026-03-02,10:03:38,375,short,6864.75,B,0.5859,1.5801,152.0191,10.87,1653,1,0.2017,0.6958,C,14.5,LOSS,-8,1.75,-9.0,7
2026-03-02,10:04:15,378,short,6868.0,A,1.4887,0.727,75.9975,47.37,3600,1,0.206,0.9186,C,14.5,LOSS,-8,4.5,-9.5,8
2026-03-02,10:18:39,392,long,6872.5,A,1.7013,0.821,91.2046,92.7,8455,2,0.4072,-0.2272,B,20.8,LOSS,-8,0.0,-9.5,2
2026-03-02,10:23:09,397,long,6868.75,B,0.1586,1.7858,174.9856,4.83,845,1,0.2528,-0.6128,C,14.5,LOSS,-8,1.75,-8.75,5
2026-03-02,10:27:37,403,short,6856.75,A,1.4381,0.7784,71.0272,99.19,7045,3,1.1636,1.0,B,27.0,LOSS,-8,8.5,-10.0,14
2026-03-02,10:39:04,415,long,6859.0,A,1.509,0.9141,67.4518,75.27,5077,2,0.5012,-0.152,B,20.8,WIN,10,11.75,-0.5,3
2026-03-02,10:44:40,418,short,6870.75,A,1.79,0.6739,42.3199,164.53,6963,1,0.224,0.8573,C,14.5,WIN,10,11.25,-1.75,6
2026-03-02,11:26:21,441,long,6860.5,B,0.7984,1.494,68.4009,55.73,3812,1,0.2469,-1.0,C,14.5,WIN,10,13.25,-7.25,9
2026-03-02,12:41:08,476,short,6894.25,A,1.5237,0.5939,23.3905,362.75,8485,1,0.3639,0.1639,C,14.5,WIN,10,11.75,-4.5,10
2026-03-02,13:26:58,484,long,6888.25,A,1.9285,0.81,23.5252,501.46,11797,2,0.5565,-0.632,B,20.8,LOSS,-8,1.75,-10.5,5
2026-03-02,13:46:57,489,long,6877.75,B,0.4293,4.2358,108.4369,23.85,2586,1,0.2817,-1.0,C,14.5,WIN,10,14.0,-1.75,7
2026-03-02,14:16:36,499,short,6904.25,A,1.8884,1.4933,50.8553,236.73,12039,1,0.283,0.9821,C,14.5,WIN,10,10.0,-7.0,10
2026-03-02,14:16:36,499,short,6904.25,B,1.8884,1.4933,50.8553,236.73,12039,1,0.283,0.9821,C,14.5,WIN,10,10.0,-7.0,10
2026-03-02,14:16:36,499,short,6904.25,C,1.8884,1.4933,50.8553,236.73,12039,1,0.283,0.9821,C,14.5,WIN,10,10.0,-7.0,10
2026-03-02,15:00:52,507,long,6901.25,A,1.544,0.8863,34.5138,337.86,11661,3,1.1667,-1.0,B,27.0,LOSS,-8,0.0,-11.25,3
2026-03-02,15:06:30,508,long,6896.25,B,0.4913,9.7243,380.0046,10.36,3935,2,0.6333,-1.0,B,20.8,LOSS,-8,3.0,-9.5,3
2026-03-02,15:15:01,519,long,6877.75,B,0.8097,1.4979,139.1773,45.57,6342,1,0.2632,-1.0,C,14.5,WIN,10,10.75,-2.5,4
2026-03-02,15:21:06,531,long,6880.5,A,1.5529,0.3777,51.6748,117.14,6053,2,0.7447,-1.0,B,20.8,WIN,10,10.75,-3.25,15
2026-03-02,15:37:19,541,long,6883.75,A,1.9691,0.395,38.0559,150.83,5740,4,1.2826,-1.0,A,33.2,WIN,10,11.25,-4.0,10
2026-03-02,15:50:03,547,long,6890.5,B,0.3908,3.7772,214.0239,7.15,1530,4,1.4566,-0.9566,A,33.2,LOSS,-8,6.75,-8.0,9
2026-03-02,15:55:15,552,long,6895.5,A,2.0829,1.1469,67.7169,129.83,8792,4,1.6296,-1.0,A+,41.8,LOSS,-8,1.75,-10.25,3
2026-03-02,15:57:25,553,long,6892.25,C,2.051,1.6031,97.1869,95.25,9257,4,1.6226,-1.0,A+,41.8,LOSS,-8,1.5,-9.75,3
2026-03-03,09:32:55,334,short,6778.0,A,1.6486,1.6357,136.6837,29.84,4079,1,0.2491,0.8189,C,14.5,WIN,10,14.25,-4.25,3
2026-03-03,09:32:55,334,short,6778.0,B,1.6486,1.6357,136.6837,29.84,4079,1,0.2491,0.8189,C,14.5,WIN,10,14.25,-4.25,3
2026-03-03,09:32:55,334,short,6778.0,C,1.6486,1.6357,136.6837,29.84,4079,1,0.2491,0.8189,C,14.5,WIN,10,14.25,-4.25,3
2026-03-03,09:36:22,344,short,6779.0,B,0.2739,1.5414,186.7232,3.9,729,4,1.2076,0.8991,A,33.2,LOSS,-8,0.0,-8.25,2
2026-03-03,09:38:56,352,short,6789.0,A,1.4199,0.988,155.1023,23.74,3682,2,0.4703,0.8587,B,20.8,WIN,10,12.75,0.0,2
2026-03-03,09:49:22,380,short,6747.75,A,1.8784,1.0411,163.3701,27.21,4445,4,1.271,0.7423,A,33.2,LOSS,-8,1.5,-11.75,3
2026-03-03,09:52:44,392,short,6756.25,A,1.5098,0.7137,97.0349,37.55,3644,4,1.3341,0.9138,A,33.2,WIN,10,14.0,-1.25,6
2026-03-03,09:59:25,406,short,6749.5,A,2.2055,1.0289,135.6518,40.02,5429,3,0.9654,0.4332,A,35.5,LOSS,-8,0.0,-8.25,2
2026-03-03,10:00:07,408,short,6757.25,B,1.1379,1.6404,204.4943,14.54,2974,2,0.5381,0.6037,B,20.8,WIN,10,11.75,-0.5,3
2026-03-03,10:02:12,416,short,6744.75,A,1.5179,0.9191,113.0357,32.43,3666,3,0.931,0.56,B,27.0,LOSS,-8,4.75,-10.25,6
2026-03-03,10:03:10,418,short,6744.5,B,0.2213,2.1454,263.5453,2.12,558,3,0.8746,0.6811,B,27.0,LOSS,-8,4.5,-10.5,5
2026-03-03,10:12:23,446,short,6753.5,A,1.5204,0.9709,120.996,26.94,3260,2,0.5855,0.8899,B,20.8,WIN,10,11.0,0.0,5
2026-03-03,10:30:02,476,short,6728.0,B,0.2781,3.7125,354.6938,2.35,832,3,1.0472,0.6117,B,27.0,LOSS,-8,6.75,-13.25,4
2026-03-03,10:32:51,486,short,6729.75,A,1.7763,0.6753,78.1235,72.88,5694,1,0.2459,0.53,C,14.5,LOSS,-8,0.0,-8.25,2
2026-03-03,10:43:56,510,short,6737.0,A,2.2307,0.7104,79.6383,65.37,5206,3,0.885,0.3688,A,35.5,WIN,10,10.25,-4.75,9
2026-03-03,10:48:15,524,short,6732.0,A,1.637,0.7199,65.5942,52.54,3446,4,1.4887,0.8733,A,33.2,LOSS,-8,5.75,-11.75,11
2026-03-03,10:54:35,538,short,6731.25,A,1.6896,0.5721,47.7233,64.85,3095,3,1.1749,0.5386,B,27.0,LOSS,-8,0.5,-12.5,4
2026-03-03,10:56:03,540,short,6736.5,B,0.478,2.5934,214.8876,4.23,910,2,0.5664,0.5255,B,20.8,LOSS,-8,5.75,-9.5,4
2026-03-03,11:43:36,604,long,6784.0,B,0.6265,5.2528,390.6148,5.65,2208,2,0.6697,-0.6536,B,20.8,WIN,10,13.75,0.0,3
2026-03-03,12:02:49,634,short,6792.75,A,1.6535,0.3905,48.5296,85.91,4169,3,0.8746,0.6631,B,27.0,LOSS,-8,5.5,-14.25,11
2026-03-03,12:12:46,646,long,6793.5,A,1.5262,0.3053,32.6654,113.7,3714,2,0.4386,-1.0,B,20.8,WIN,10,13.5,-1.5,5
2026-03-03,12:43:45,674,long,6802.25,A,4.1571,1.4951,70.8518,179.6,12725,3,0.9876,-0.9132,A+,43.8,LOSS,-8,5.5,-10.5,3
2026-03-03,12:43:45,674,long,6802.25,B,4.1571,1.4951,70.8518,179.6,12725,3,0.9876,-0.9132,A+,43.8,LOSS,-8,5.5,-10.5,3
2026-03-03,12:43:45,674,long,6802.25,C,4.1571,1.4951,70.8518,179.6,12725,3,0.9876,-0.9132,A+,43.8,LOSS,-8,5.5,-10.5,3
2026-03-03,13:20:08,696,short,6816.5,B,0.3924,2.4276,113.2713,15.75,1784,1,0.202,1.0,C,14.5,LOSS,-8,0.0,-11.25,2
2026-03-03,13:35:35,706,long,6827.0,B,0.7895,1.7695,89.9269,39.03,3510,3,0.8927,-0.198,B,27.0,WIN,10,15.25,0.0,2
2026-03-03,13:45:10,714,long,6828.25,A,1.4552,1.0108,57.5734,129.75,7470,4,1.3978,-1.0,A,33.2,WIN,10,14.5,0.0,2
2026-03-03,13:48:58,716,short,6837.0,B,0.4431,1.4625,82.3319,26.21,2158,1,0.3006,0.7631,C,14.5,WIN,10,11.25,-5.75,5
2026-03-03,14:37:14,744,short,6827.75,B,0.2631,6.7432,349.1601,3.65,1274,2,0.4953,0.6175,B,20.8,LOSS,-8,0.0,-12.5,3
2026-03-03,14:57:08,776,long,6832.75,A,2.735,0.2172,35.3469,227.49,8041,1,0.2655,-0.4277,B,23.0,LOSS,-8,9.25,-9.5,15
2026-03-03,15:05:04,782,short,6835.75,A,2.6902,0.402,66.5187,117.86,7840,4,1.2237,0.4868,A+,41.8,WIN,10,10.75,-4.25,3
2026-03-03,15:41:24,804,long,6830.25,A,2.101,0.699,34.3552,219.7,7548,3,1.0227,-1.0,A,35.5,LOSS,-8,0.0,-10.5,3
2026-03-03,15:50:00,808,long,6824.75,B,0.3362,6.9581,320.2279,3.84,1231,3,0.8627,-1.0,B,27.0,LOSS,-8,0.0,-9.5,2
2026-03-03,15:55:22,816,long,6825.75,A,5.5976,1.4091,88.4283,228.11,20171,2,0.5455,-1.0,A+,37.5,LOSS,-8,2.0,-8.25,2
2026-03-03,15:55:22,816,long,6825.75,C,5.5976,1.4091,88.4283,228.11,20171,2,0.5455,-1.0,A+,37.5,LOSS,-8,2.0,-8.25,2
2026-03-03,15:59:57,818,long,6822.75,B,7.9278,5.6126,367.1183,90.91,33376,3,0.8065,-1.0,A+,43.8,LOSS,-8,0.0,-9.75,2
2026-03-04,09:30:00,363,short,6841.5,B,1.2167,22.3437,706.0819,4.12,2910,4,1.6026,1.0,A,33.2,LOSS,-8,0.5,-8.75,2
2026-03-04,09:30:05,364,short,6846.0,A,1.8377,4.6341,308.0347,14.76,4546,4,1.3194,0.9861,A,33.2,LOSS,-8,0.75,-8.5,2
2026-03-04,09:30:05,364,short,6846.0,C,1.8377,4.6341,308.0347,14.76,4546,4,1.3194,0.9861,A,33.2,LOSS,-8,0.75,-8.5,2
2026-03-04,09:32:41,373,long,6850.0,A,1.4947,0.8243,115.5283,35.8,4136,2,0.739,-0.7566,B,20.8,LOSS,-8,2.0,-8.25,4
2026-03-04,09:35:18,377,long,6841.75,B,0.4539,7.026,1115.0748,1.31,1466,2,0.7159,-0.9842,B,20.8,LOSS,-8,3.75,-8.25,3
2026-03-04,09:40:07,390,long,6832.5,B,0.2554,2.0314,339.3854,2.09,708,1,0.3195,-0.6021,C,14.5,LOSS,-8,1.0,-9.75,4
2026-03-04,09:40:13,392,long,6830.25,A,1.904,0.5253,92.6627,54.12,5015,1,0.2547,-0.8183,C,14.5,LOSS,-8,0.0,-8.5,5
2026-03-04,09:42:09,395,short,6828.5,A,1.8092,0.3007,52.0713,86.96,4528,3,1.1495,0.6749,B,27.0,WIN,10,10.75,0.0,4
2026-03-04,09:49:08,411,short,6840.0,B,0.5052,11.5406,1002.0,1.0,1002,1,0.386,1.0,C,14.5,WIN,10,13.5,0.0,3
2026-03-04,09:50:10,415,long,6829.75,A,1.9016,0.4403,57.2385,57.57,3295,1,0.3832,-0.4651,C,14.5,WIN,10,10.0,-3.25,4
2026-03-04,09:53:06,419,short,6834.75,A,2.0198,0.3579,44.8625,76.28,3422,1,0.2013,0.1849,B,23.0,LOSS,-8,5.0,-9.0,7
2026-03-04,10:00:00,426,short,6843.75,B,0.3531,5.7158,673.2141,1.01,678,2,0.5714,1.0,B,20.8,WIN,10,12.75,-5.5,13
2026-03-04,10:00:35,434,short,6842.5,A,3.8366,0.491,69.196,95.42,6603,2,0.6429,1.0,A+,37.5,WIN,10,11.5,-4.75,5
2026-03-04,10:07:57,448,short,6851.75,A,1.7731,0.6052,59.4295,45.45,2701,1,0.2098,0.9157,C,14.5,LOSS,-8,4.5,-8.5,4
2026-03-04,10:11:19,450,long,6852.25,A,1.4027,0.9741,77.7695,37.51,2917,3,1.1372,-0.6872,B,27.0,WIN,10,13.75,-1.5,7
2026-03-04,10:20:52,459,short,6875.0,A,2.0685,1.5823,106.0348,64.89,6881,1,0.268,1.0,B,23.0,LOSS,-8,1.75,-8.75,3
2026-03-04,10:20:52,459,short,6875.0,B,2.0685,1.5823,106.0348,64.89,6881,1,0.268,1.0,B,23.0,LOSS,-8,1.75,-8.75,3
2026-03-04,10:20:52,459,short,6875.0,C,2.0685,1.5823,106.0348,64.89,6881,1,0.268,1.0,B,23.0,LOSS,-8,1.75,-8.75,3
2026-03-04,11:22:31,497,short,6869.25,A,1.6357,0.8965,53.7655,162.26,8724,4,1.2364,0.5263,A,33.2,LOSS,-8,0.25,-8.0,3
2026-03-04,11:37:57,505,short,6871.5,B,0.2404,2.0255,109.0165,11.94,1302,1,0.2883,0.7147,C,14.5,LOSS,-8,0.5,-11.0,4
2026-03-04,11:41:59,510,short,6886.5,A,2.1247,0.8501,44.0082,228.5,10056,2,0.5,1.0,A,29.2,WIN,10,11.5,-0.5,11
2026-03-04,11:52:51,514,long,6881.0,A,1.5392,0.5967,28.3252,251.22,7116,3,0.9101,-0.2851,B,27.0,LOSS,-8,5.5,-9.25,8
2026-03-04,12:58:57,532,long,6883.25,A,1.6327,0.7881,27.1446,317.41,8616,4,1.3307,-0.5839,A,33.2,WIN,10,10.75,-6.75,13
2026-03-04,15:10:19,547,long,6881.5,A,1.8874,1.133,28.6488,583.9,16728,1,0.2568,-0.5968,C,14.5,LOSS,-8,7.5,-8.0,12
2026-03-04,15:20:03,548,long,6878.5,B,0.4381,1.5078,38.1641,108.3,4133,1,0.277,-0.8093,C,14.5,WIN,10,10.5,-1.25,4
2026-03-04,15:57:06,558,long,6875.75,A,1.5643,0.9616,121.8969,149.69,18247,2,0.5896,-0.967,B,20.8,LOSS,-8,2.75,-8.0,3
2026-03-04,15:59:36,559,long,6873.5,B,2.8843,10.5023,1383.989,25.02,34632,2,0.4677,-1.0,A,29.2,WIN,10,12.25,-7.5,17
2026-03-04,15:59:36,559,long,6873.5,C,2.8843,10.5023,1383.989,25.02,34632,2,0.4677,-1.0,A,29.2,WIN,10,12.25,-7.5,17
2026-03-05,09:30:32,231,long,6841.0,A,1.5951,5.9032,114.3753,36.87,4217,1,0.312,-0.3359,C,14.5,WIN,10,12.25,-1.0,2
2026-03-05,09:30:32,231,long,6841.0,B,1.5951,5.9032,114.3753,36.87,4217,1,0.312,-0.3359,C,14.5,WIN,10,12.25,-1.0,2
2026-03-05,09:30:32,231,long,6841.0,C,1.5951,5.9032,114.3753,36.87,4217,1,0.312,-0.3359,C,14.5,WIN,10,12.25,-1.0,2
2026-03-05,09:31:42,233,short,6853.25,B,1.2757,5.3693,135.7791,25.7,3490,1,0.2837,0.998,C,14.5,LOSS,-8,1.25,-8.5,3
2026-03-05,09:38:54,243,short,6857.0,B,0.7422,1.5814,109.4606,25.73,2816,1,0.3046,0.6194,C,14.5,WIN,10,10.25,-2.0,10
2026-03-05,09:51:58,268,short,6855.5,A,1.6288,0.7771,67.5813,64.94,4389,1,0.2585,0.4893,C,14.5,LOSS,-8,3.5,-9.75,4
2026-03-05,10:13:39,290,short,6860.75,A,1.4145,0.7013,55.8597,104.94,5862,1,0.308,0.9801,C,14.5,WIN,10,10.75,-3.0,4
2026-03-05,10:24:02,301,long,6833.0,A,1.4782,1.7861,128.7594,37.97,4889,1,0.2105,-1.0,C,14.5,LOSS,-8,3.25,-8.5,5
2026-03-05,10:24:02,301,long,6833.0,B,1.4782,1.7861,128.7594,37.97,4889,1,0.2105,-1.0,C,14.5,LOSS,-8,3.25,-8.5,5
2026-03-05,10:24:02,301,long,6833.0,C,1.4782,1.7861,128.7594,37.97,4889,1,0.2105,-1.0,C,14.5,LOSS,-8,3.25,-8.5,5
2026-03-05,10:32:13,311,short,6819.25,B,0.7235,1.8193,168.799,17.84,3011,4,1.4126,0.6398,A,33.2,LOSS,-8,2.25,-8.75,4
2026-03-05,10:33:12,313,short,6819.75,A,2.8599,0.8076,81.8447,151.31,12384,4,1.2815,0.9277,A+,41.8,LOSS,-8,0.25,-8.25,2
2026-03-05,10:43:19,324,short,6835.25,A,1.4339,0.5904,57.521,105.7,6080,1,0.3119,0.7767,C,14.5,LOSS,-8,2.5,-10.0,8
2026-03-05,10:57:11,338,short,6841.0,A,1.4185,0.6513,42.0016,113.5,4767,2,0.4126,0.6195,B,20.8,WIN,10,11.0,-4.25,5
2026-03-05,11:16:48,356,short,6811.0,A,1.5027,0.9319,66.7573,92.02,6143,3,1.1417,0.7031,B,27.0,LOSS,-8,0.0,-8.5,2
2026-03-05,11:18:20,357,short,6816.0,B,0.6378,1.4855,107.2572,25.26,2709,3,1.1228,1.0,B,27.0,LOSS,-8,4.0,-8.5,5
2026-03-05,11:25:23,366,short,6823.0,A,1.9815,0.473,42.7463,179.01,7652,2,0.6642,0.9442,B,20.8,LOSS,-8,7.25,-8.0,11
2026-03-05,11:51:10,390,short,6828.75,A,1.7079,0.74,32.1094,123.11,3953,2,0.7091,1.0,B,20.8,LOSS,-8,2.75,-9.75,5
2026-03-05,12:03:49,396,short,6843.25,B,1.1682,1.5354,58.7693,55.59,3267,1,0.3462,1.0,C,14.5,WIN,10,10.25,-2.5,3
2026-03-05,12:26:37,415,long,6812.5,B,0.448,1.4721,189.5514,8.82,1672,1,0.2423,-0.9607,C,14.5,LOSS,-8,5.25,-8.25,6
2026-03-05,12:29:00,419,long,6813.5,A,1.5279,0.9722,149.6466,33.35,4990,2,0.5595,-0.75,B,20.8,LOSS,-8,0.5,-9.25,2
2026-03-05,12:37:54,430,short,6802.5,A,1.4996,0.8501,143.7873,40.22,5783,2,0.6904,0.8809,B,20.8,WIN,10,10.5,-3.0,4
2026-03-05,12:56:57,447,long,6789.25,A,2.9904,0.417,60.0282,211.73,12710,1,0.3452,-0.4361,B,23.0,WIN,10,11.25,-4.25,8
2026-03-05,13:15:46,461,long,6795.0,A,1.6965,0.7199,43.9529,164.56,7233,2,0.7288,-0.4019,B,20.8,LOSS,-8,0.0,-9.25,2
2026-03-05,13:33:44,479,short,6788.0,A,1.4261,0.8446,42.949,100.68,4324,3,0.8571,1.0,B,27.0,LOSS,-8,4.75,-12.75,5
2026-03-05,13:59:00,499,short,6789.75,A,1.7417,0.9402,40.2535,119.69,4818,3,1.0996,0.986,B,27.0,LOSS,-8,3.5,-9.5,11
2026-03-05,14:20:02,510,short,6794.25,B,0.8289,1.5456,58.0327,50.66,2940,2,0.5052,0.8929,B,20.8,WIN,10,10.5,-2.25,5
2026-03-05,14:30:06,518,long,6780.5,B,0.8543,1.8521,72.8266,39.6,2884,1,0.2651,-0.9985,C,14.5,WIN,10,11.25,-3.5,7
2026-03-05,14:30:45,519,long,6778.25,A,1.6224,1.4871,60.2999,93.52,5639,1,0.2182,-0.9443,C,14.5,WIN,10,11.75,-1.25,5
2026-03-05,14:30:45,519,long,6778.25,C,1.6224,1.4871,60.2999,93.52,5639,1,0.2182,-0.9443,C,14.5,WIN,10,11.75,-1.25,5
2026-03-05,14:56:42,534,long,6788.75,A,3.5259,0.7516,33.9783,397.67,13512,2,0.5444,-0.3906,A+,37.5,WIN,10,11.5,-4.0,6
2026-03-05,15:04:26,536,long,6789.75,B,0.3895,5.144,224.747,7.7,1730,1,0.295,-0.7132,C,14.5,WIN,10,10.5,-0.25,4
2026-03-05,15:14:47,556,long,6808.0,A,1.5836,0.2874,71.11,70.07,4983,3,0.9568,-0.2645,B,27.0,WIN,10,11.0,-3.0,6
2026-03-05,15:39:30,574,long,6818.25,A,2.4181,0.7524,45.419,247.87,11258,3,0.9669,-0.665,A,35.5,WIN,10,10.25,-2.75,5
2026-03-05,15:50:02,581,short,6828.5,B,0.8236,3.3277,469.5592,8.62,4046,1,0.2223,0.6112,C,14.5,LOSS,-8,4.0,-10.5,6
2026-03-05,15:50:10,582,short,6825.75,A,1.7323,0.7014,113.6606,75.78,8613,1,0.3988,0.8155,C,14.5,LOSS,-8,1.25,-8.25,2
2026-03-05,15:57:12,587,long,6834.0,A,4.5466,0.7582,127.0446,183.05,23256,4,1.34,-0.6626,A+,50.0,LOSS,-8,3.25,-11.25,9
2026-03-05,16:00:15,588,short,6837.25,C,5.381,25.4651,4326.792,7.64,33078,1,0.2128,0.5404,A,31.2,WIN,10,10.25,0.0,5
2026-03-06,09:30:00,267,short,6754.5,A,2.5655,10.7531,379.2332,19.95,7567,2,0.5345,1.0,A,29.2,WIN,10,12.25,-4.75,5
2026-03-06,09:30:00,267,short,6754.5,B,2.5655,10.7531,379.2332,19.95,7567,2,0.5345,1.0,A,29.2,WIN,10,12.25,-4.75,5
2026-03-06,09:30:00,267,short,6754.5,C,2.5655,10.7531,379.2332,19.95,7567,2,0.5345,1.0,A,29.2,WIN,10,12.25,-4.75,5
2026-03-06,09:32:00,275,long,6743.5,A,2.1933,1.8179,214.9089,38.28,8226,1,0.309,-0.8392,B,23.0,LOSS,-8,5.75,-8.5,9
2026-03-06,09:32:00,275,long,6743.5,B,2.1933,1.8179,214.9089,38.28,8226,1,0.309,-0.8392,B,23.0,LOSS,-8,5.75,-8.5,9
2026-03-06,09:32:00,275,long,6743.5,C,2.1933,1.8179,214.9089,38.28,8226,1,0.309,-0.8392,B,23.0,LOSS,-8,5.75,-8.5,9
2026-03-06,09:33:47,282,short,6743.5,A,2.5039,0.7399,122.093,69.95,8540,2,0.6038,0.3247,A,29.2,WIN,10,12.0,-0.75,3
2026-03-06,09:34:57,283,short,6739.25,B,0.4172,1.6421,278.7142,5.53,1540,3,0.8342,0.904,B,27.0,WIN,10,12.25,-0.75,3
2026-03-06,09:42:21,309,short,6730.5,B,0.4892,1.4024,170.7695,6.13,1046,4,1.2328,0.6874,A,33.2,LOSS,-8,2.75,-9.25,4
2026-03-06,09:45:34,324,short,6727.5,A,2.562,0.6159,78.1554,51.26,4006,2,0.6125,0.5725,A,29.2,LOSS,-8,9.75,-8.75,13
2026-03-06,09:51:03,336,short,6733.75,B,0.3955,1.4694,164.2717,5.38,884,1,0.3922,1.0,C,14.5,WIN,10,11.75,-6.0,10
2026-03-06,09:51:16,338,short,6739.5,A,1.7424,1.0203,117.3786,33.41,3922,2,0.4412,1.0,B,20.8,WIN,10,13.0,-0.25,3
2026-03-06,09:58:53,350,short,6720.75,A,1.4677,1.3379,134.9175,29.15,3933,4,1.4941,0.8673,A,33.2,LOSS,-8,0.5,-8.25,2
2026-03-06,10:00:04,354,short,6735.0,B,0.2399,2.3234,245.6292,2.63,645,2,0.5844,1.0,B,20.8,LOSS,-8,1.0,-8.5,2
2026-03-06,10:01:27,362,short,6744.5,A,1.4648,0.7786,104.1549,35.88,3737,2,0.4933,1.0,B,20.8,WIN,10,10.0,-5.25,11
2026-03-06,10:09:20,383,long,6726.25,A,3.9868,0.834,69.3687,94.91,6584,1,0.3376,-0.923,A,31.2,WIN,10,11.75,-0.25,3
2026-03-06,10:15:25,393,short,6753.0,A,1.528,1.0247,82.1694,40.85,3357,1,0.2174,1.0,C,14.5,LOSS,-8,8.75,-9.0,8
2026-03-06,10:23:02,401,short,6757.0,B,1.8374,1.4616,112.2869,48.5,5446,1,0.3575,0.8645,C,14.5,LOSS,-8,3.25,-8.5,10
2026-03-06,10:23:02,401,short,6757.0,C,1.8374,1.4616,112.2869,48.5,5446,1,0.3575,0.8645,C,14.5,LOSS,-8,3.25,-8.5,10
2026-03-06,10:33:07,415,short,6767.5,A,1.6741,0.6852,51.1676,110.28,5643,1,0.3927,0.9336,C,14.5,LOSS,-8,0.5,-10.5,3
2026-03-06,10:44:02,425,long,6762.75,A,1.6661,0.889,72.7352,91.14,6629,1,0.3234,-0.7319,C,14.5,LOSS,-8,1.0,-8.0,3
2026-03-06,10:54:58,435,short,6756.5,B,0.24,1.4796,112.414,9.96,1120,2,0.7019,0.4519,B,20.8,LOSS,-8,0.25,-8.75,2
2026-03-06,10:59:33,444,short,6770.5,A,1.4268,0.7742,69.8505,73.9,5162,2,0.4478,1.0,B,20.8,LOSS,-8,1.5,-8.25,4
2026-03-06,11:21:29,463,short,6754.75,A,1.433,0.9396,56.3071,91.69,5163,2,0.4159,0.1786,B,20.8,LOSS,-8,1.75,-10.5,3
2026-03-06,11:24:35,465,long,6762.25,B,0.2541,2.2842,135.5622,7.04,955,2,0.44,-0.8794,B,20.8,LOSS,-8,3.0,-9.5,10
2026-03-06,11:30:39,471,long,6761.25,A,1.4038,1.2207,72.2754,60.93,4404,2,0.6585,-0.536,B,20.8,LOSS,-8,3.25,-8.5,4
2026-03-06,11:45:52,487,short,6770.75,A,1.9813,1.0174,51.8679,108.16,5610,2,0.4235,0.8764,B,20.8,LOSS,-8,3.0,-8.25,3
2026-03-06,11:54:27,492,short,6764.75,B,0.5201,1.5953,80.7792,20.36,1645,2,0.6997,0.6239,B,20.8,LOSS,-8,4.5,-9.25,5
2026-03-06,12:00:21,501,short,6769.5,A,1.797,0.7048,37.3054,136.15,5079,2,0.6731,0.8549,B,20.8,LOSS,-8,5.0,-8.0,4
2026-03-06,12:10:03,512,long,6757.5,A,1.4983,0.5024,28.2487,121.95,3445,2,0.4667,-1.0,B,20.8,WIN,10,12.0,-4.5,9
2026-03-06,12:25:26,524,long,6756.0,B,0.5814,1.7088,77.607,18.37,1426,2,0.59,-0.59,B,20.8,LOSS,-8,6.0,-10.0,9
2026-03-06,12:29:54,530,long,6759.5,A,2.4791,0.7199,30.4758,205.74,6270,1,0.3973,-1.0,B,23.0,LOSS,-8,1.0,-9.0,2
2026-03-06,12:46:25,540,long,6750.75,A,1.488,0.7851,37.1758,122.5,4554,2,0.471,-0.7589,B,20.8,WIN,10,11.0,-2.75,12
2026-03-06,13:11:08,561,short,6766.0,B,1.0294,1.6583,64.7755,39.12,2534,2,0.4266,0.7197,B,20.8,LOSS,-8,1.5,-12.5,3
2026-03-06,13:12:41,563,short,6773.5,A,1.5861,1.7296,70.2297,55.77,3917,1,0.2273,1.0,C,14.5,WIN,10,11.25,-7.0,15
2026-03-06,13:12:41,563,short,6773.5,C,1.5861,1.7296,70.2297,55.77,3917,1,0.2273,1.0,C,14.5,WIN,10,11.25,-7.0,15
2026-03-06,13:38:22,588,long,6760.75,A,1.611,0.631,30.1349,148.43,4473,2,0.648,-0.8517,B,20.8,WIN,10,11.5,-5.25,16
2026-03-06,13:56:00,598,long,6758.0,A,4.4307,0.6781,25.6399,490.02,12564,1,0.3441,-0.7191,A,31.2,WIN,10,10.5,-1.5,5
2026-03-06,14:23:51,611,short,6764.25,B,0.967,5.2498,171.2519,19.11,3273,1,0.3114,0.3691,C,14.5,LOSS,-8,6.25,-8.5,5
2026-03-06,14:27:15,615,short,6770.75,A,2.0359,0.8993,34.8737,190.6,6647,2,0.4814,0.7167,A,29.2,WIN,10,10.5,-4.5,12
2026-03-06,14:41:45,623,long,6770.25,A,1.7322,1.0116,39.5531,136.2,5387,3,0.9578,-0.642,B,27.0,LOSS,-8,0.5,-8.25,2
2026-03-06,15:01:32,632,long,6773.75,B,1.1071,1.4862,49.3676,80.42,3970,3,1.1733,-0.7409,B,27.0,LOSS,-8,3.25,-8.75,3
2026-03-06,15:02:52,633,long,6772.0,A,2.3022,0.9921,33.838,250.64,8481,4,1.5281,-0.9876,A+,41.8,LOSS,-8,2.5,-11.5,3
2026-03-06,15:21:16,645,long,6748.25,A,1.5924,0.9063,51.7962,131.75,6824,1,0.3421,-0.9628,C,14.5,LOSS,-8,3.0,-10.0,3
2026-03-06,15:40:28,663,short,6745.5,B,0.4383,4.3089,273.0015,5.92,1615,1,0.2542,0.7157,C,14.5,WIN,10,12.0,-7.0,26
2026-03-06,15:42:28,669,short,6743.5,A,1.7741,0.4112,50.2445,112.51,5653,1,0.3795,0.7858,C,14.5,WIN,10,10.0,-7.75,20
2026-03-06,15:54:14,681,short,6740.75,A,2.3065,0.8007,126.6853,59.37,7521,1,0.2305,0.2832,B,23.0,LOSS,-8,1.25,-10.5,3
2026-03-06,15:59:07,686,long,6742.25,A,10.1947,6.9241,914.9622,51.01,46672,3,0.9355,-0.6147,A+,43.8,LOSS,-8,3.0,-8.75,3
2026-03-06,15:59:07,686,long,6742.25,B,10.1947,6.9241,914.9622,51.01,46672,3,0.9355,-0.6147,A+,43.8,LOSS,-8,3.0,-8.75,3
2026-03-06,15:59:07,686,long,6742.25,C,10.1947,6.9241,914.9622,51.01,46672,3,0.9355,-0.6147,A+,43.8,LOSS,-8,3.0,-8.75,3
2026-03-09,09:30:18,515,short,6687.0,B,0.8334,3.1014,75.28,26.99,2032,1,0.3124,0.679,C,14.5,WIN,10,11.5,-4.25,7
2026-03-09,09:33:39,523,long,6679.75,B,0.4381,1.5752,88.1712,13.39,1181,1,0.3004,-0.7398,C,14.5,LOSS,-8,3.75,-10.5,10
2026-03-09,09:34:05,525,short,6683.5,A,2.5804,1.4558,92.5091,70.22,6496,3,0.8236,0.4751,A,35.5,WIN,10,10.0,0.0,5
2026-03-09,09:34:05,525,short,6683.5,B,2.5804,1.4558,92.5091,70.22,6496,3,0.8236,0.4751,A,35.5,WIN,10,10.0,0.0,5
2026-03-09,09:34:05,525,short,6683.5,C,2.5804,1.4558,92.5091,70.22,6496,3,0.8236,0.4751,A,35.5,WIN,10,10.0,0.0,5
2026-03-09,09:40:01,540,long,6661.75,A,2.5156,1.0143,93.9324,51.1,4800,1,0.3234,-0.9955,B,23.0,LOSS,-8,2.5,-8.25,12
2026-03-09,09:41:02,542,long,6659.25,B,0.5226,1.4204,134.0332,8.03,1076,1,0.3559,-1.0,C,14.5,LOSS,-8,3.75,-8.0,11
2026-03-09,09:46:02,554,long,6661.0,B,0.4765,3.3637,352.1751,3.3,1162,2,0.7271,-0.8335,B,20.8,LOSS,-8,6.0,-8.25,9
2026-03-09,09:46:13,557,long,6657.25,A,1.7964,0.6276,87.9588,47.89,4212,2,0.4559,-0.4241,B,20.8,LOSS,-8,9.5,-8.0,10
2026-03-09,09:52:35,570,short,6654.75,B,1.1123,1.4714,229.5773,10.34,2373,2,0.4176,0.5605,B,20.8,WIN,10,10.5,-1.0,3
2026-03-09,09:55:28,577,long,6658.25,B,0.3399,1.7408,219.1557,3.83,840,2,0.4679,-0.5162,B,20.8,WIN,10,10.25,-4.5,20
2026-03-09,09:59:28,591,long,6660.25,A,2.695,0.821,85.9804,58.87,5062,1,0.3757,-0.4982,B,23.0,WIN,10,12.75,-5.5,7
2026-03-09,10:03:12,598,short,6673.0,B,0.9718,1.9658,172.132,10.72,1846,1,0.2524,0.7456,C,14.5,WIN,10,13.25,-4.0,7
2026-03-09,10:04:19,602,short,6672.0,A,2.1269,0.8667,74.1942,52.21,3874,1,0.2247,1.0,B,23.0,WIN,10,12.25,-1.75,3
2026-03-09,10:06:28,612,long,6649.5,A,3.5812,0.5384,121.4871,51.82,6295,1,0.3371,-1.0,A,31.2,LOSS,-8,6.0,-8.0,9
2026-03-09,10:08:47,616,short,6651.0,A,1.5875,0.4911,115.3991,28.92,3337,2,0.6231,0.1975,B,20.8,WIN,10,10.0,-2.5,6
2026-03-09,10:16:36,630,short,6654.5,B,0.6034,1.7612,162.787,9.17,1493,1,0.3704,1.0,C,14.5,LOSS,-8,7.0,-9.5,21
2026-03-09,10:18:47,642,short,6654.5,A,1.4744,0.5733,63.1801,35.2,2224,2,0.6239,0.9829,B,20.8,LOSS,-8,7.0,-9.5,9
2026-03-09,10:22:24,651,short,6664.0,B,1.1118,5.5674,588.9115,2.3,1357,2,0.6451,0.9481,B,20.8,LOSS,-8,2.75,-8.25,3
2026-03-09,10:22:26,652,short,6666.25,A,2.5373,0.9836,122.8847,24.9,3060,1,0.293,0.7063,B,23.0,LOSS,-8,0.75,-8.5,3
2026-03-09,10:26:22,661,long,6661.25,A,1.4497,0.5238,56.904,46.1,2623,1,0.2942,-0.609,C,14.5,WIN,10,10.75,-7.5,14
2026-03-09,10:34:10,674,short,6670.0,A,2.6193,0.6169,49.9238,114.41,5712,1,0.2906,0.9335,B,23.0,LOSS,-8,3.0,-8.75,3
2026-03-09,10:36:31,676,short,6676.75,B,0.4791,2.059,153.3058,7.13,1093,1,0.2544,0.9727,C,14.5,LOSS,-8,5.5,-11.25,12
2026-03-09,10:44:48,688,short,6688.0,B,1.1478,1.5916,97.2952,28.33,2756,2,0.4418,0.7926,B,20.8,LOSS,-8,2.25,-8.75,6
2026-03-09,10:45:17,689,short,6690.75,A,2.8932,1.1394,72.3087,99.84,7219,1,0.216,0.7601,B,23.0,LOSS,-8,2.5,-8.5,7
2026-03-09,10:56:04,698,short,6693.0,B,0.4875,2.44,163.7119,11.18,1830,2,0.4553,0.6944,B,20.8,LOSS,-8,4.0,-8.5,4
2026-03-09,11:04:16,708,short,6704.5,A,1.6022,0.5517,46.5609,139.34,6488,2,0.44,1.0,B,20.8,LOSS,-8,8.75,-8.5,15
2026-03-09,11:12:26,714,short,6707.5,B,0.5029,5.6117,416.0348,4.51,1878,2,0.4894,1.0,B,20.8,LOSS,-8,6.25,-9.75,11
2026-03-09,11:25:37,725,long,6712.25,A,3.4962,0.7142,53.7847,270.88,14569,3,1.0518,-0.6612,A+,43.8,LOSS,-8,3.25,-9.0,3
2026-03-09,11:53:51,739,short,6712.0,A,2.6529,0.8762,46.3901,309.79,14371,1,0.206,0.8834,B,23.0,LOSS,-8,2.5,-9.0,3
2026-03-09,12:03:53,742,short,6716.0,B,0.3443,3.8567,205.7989,10.71,2205,1,0.2506,0.9227,C,14.5,LOSS,-8,5.75,-9.75,10
2026-03-09,12:23:24,750,long,6720.0,B,0.1542,2.2612,118.6078,7.29,865,2,0.5544,-0.6474,B,20.8,WIN,10,13.75,-1.75,4
2026-03-09,12:23:41,752,short,6725.75,A,2.166,1.2138,75.3149,145.43,10953,2,0.4608,0.8801,A,29.2,LOSS,-8,1.25,-8.0,2
2026-03-09,12:26:06,753,short,6729.5,B,0.5315,2.7188,173.5039,16.63,2886,1,0.3504,0.9218,C,14.5,WIN,10,12.0,-4.75,5
2026-03-09,12:35:04,762,long,6726.75,A,1.4385,0.4943,38.9235,178.38,6943,2,0.7117,-0.826,B,20.8,WIN,10,13.5,-0.5,3
2026-03-09,13:21:57,780,long,6707.25,A,1.5022,1.1311,43.4437,186.7,8111,1,0.2941,-1.0,C,14.5,LOSS,-8,1.75,-8.5,6
2026-03-09,13:48:04,788,long,6703.75,B,0.8096,1.4729,51.7815,89.78,4649,2,0.6816,-0.9409,B,20.8,WIN,10,12.25,-1.25,5
2026-03-09,14:21:33,799,short,6716.75,B,0.3281,1.7675,71.7444,29.08,2086,1,0.3444,0.895,C,14.5,LOSS,-8,2.75,-11.25,4
2026-03-09,14:23:01,801,short,6721.75,A,2.0507,0.6194,26.7664,466.56,12488,2,0.5021,0.8008,A,29.2,LOSS,-8,2.5,-9.5,3
2026-03-09,14:34:47,804,short,6726.25,C,2.2289,1.6285,70.4973,170.19,11998,1,0.3534,0.9911,B,23.0,LOSS,-8,9.25,-11.5,19
2026-03-09,15:17:03,816,short,6730.5,B,0.4653,20.7004,888.3333,3.03,2689,1,0.286,0.286,C,14.5,LOSS,-8,6.25,-9.25,8
2026-03-09,15:19:48,827,short,6751.0,B,0.5755,2.077,472.6564,4.4,2081,1,0.2523,1.0,C,14.5,LOSS,-8,2.75,-9.0,5
2026-03-09,15:21:03,836,long,6769.5,B,0.337,1.4709,571.7799,1.53,876,3,1.158,-0.4404,B,27.0,LOSS,-8,2.75,-9.25,7
2026-03-09,15:21:16,838,long,6763.5,A,1.7538,0.6728,246.8017,17.84,4403,4,1.3871,-0.7517,A,33.2,WIN,10,11.5,-3.25,8
2026-03-09,15:23:19,847,short,6771.0,A,2.3351,0.4999,154.5414,41.98,6488,1,0.3881,0.8802,B,23.0,LOSS,-8,6.5,-8.0,9
2026-03-09,15:26:55,857,short,6783.5,A,1.6721,0.8094,144.8012,33.72,4882,1,0.2089,0.9195,C,14.5,LOSS,-8,8.25,-11.5,10
2026-03-09,15:28:14,861,short,6776.0,B,0.2634,4.5077,737.0,1.0,737,1,0.2338,0.71,C,14.5,LOSS,-8,0.75,-12.0,3
2026-03-09,15:31:38,875,long,6792.5,A,2.2708,0.5141,114.7089,49.19,5643,2,0.6402,-0.7811,A,29.2,WIN,10,10.5,-0.5,5
2026-03-09,15:35:57,885,long,6792.25,B,0.866,1.8108,260.7372,9.12,2379,2,0.6204,-0.96,B,20.8,WIN,10,11.75,-1.0,3
2026-03-09,15:37:53,891,short,6813.25,B,1.0003,1.8605,248.134,10.45,2592,2,0.5674,0.9197,B,20.8,WIN,10,10.5,-5.25,9
2026-03-09,15:39:18,897,short,6816.0,A,1.5482,0.7129,97.9508,37.79,3702,1,0.3827,0.9602,C,14.5,WIN,10,13.25,-0.25,3
2026-03-09,15:46:17,920,long,6797.0,A,1.6718,1.0485,119.1176,28.89,3441,2,0.6333,-0.607,B,20.8,LOSS,-8,7.0,-9.0,9
2026-03-09,15:50:00,927,long,6793.0,B,0.8387,2.3145,215.1053,7.98,1717,3,0.8125,-1.0,B,27.0,WIN,10,11.25,-6.5,14
2026-03-09,15:51:32,931,long,6794.5,A,1.8955,1.0536,107.0621,38.85,4159,1,0.2697,-0.7554,C,14.5,LOSS,-8,0.75,-8.0,3
2026-03-09,15:55:05,938,long,6792.75,B,0.3,1.4362,163.7286,5.29,866,2,0.6637,-0.5208,B,20.8,WIN,10,11.5,-2.0,3
2026-03-09,15:59:00,944,long,6798.75,A,1.6947,4.3592,571.9046,11.49,6569,3,0.9864,-0.5064,B,27.0,LOSS,-8,9.75,-10.5,10
2026-03-09,15:59:00,944,long,6798.75,C,1.6947,4.3592,571.9046,11.49,6569,3,0.9864,-0.5064,B,27.0,LOSS,-8,9.75,-10.5,10
2026-03-09,15:59:12,945,short,6802.75,A,9.2937,5.2154,813.1702,45.73,37187,1,0.3518,0.8718,A,31.2,WIN,10,10.5,-5.75,8
2026-03-09,15:59:12,945,short,6802.75,B,9.2937,5.2154,813.1702,45.73,37187,1,0.3518,0.8718,A,31.2,WIN,10,10.5,-5.75,8
2026-03-09,15:59:12,945,short,6802.75,C,9.2937,5.2154,813.1702,45.73,37187,1,0.3518,0.8718,A,31.2,WIN,10,10.5,-5.75,8
2026-03-10,09:30:00,228,short,6801.75,B,0.6453,109.0474,1570.8344,1.2,1883,1,0.274,1.0,C,14.5,WIN,10,10.5,-4.25,10
2026-03-10,09:31:44,234,short,6801.0,A,1.8151,0.8205,117.2872,51.29,6016,1,0.2941,1.0,C,14.5,WIN,10,11.0,-3.5,5
2026-03-10,09:36:34,248,short,6787.0,A,1.6061,0.2779,66.9442,65.05,4355,3,1.18,1.0,B,27.0,LOSS,-8,0.75,-8.75,3
2026-03-10,09:41:46,260,long,6787.25,B,0.7254,2.0853,262.3661,6.16,1615,2,0.4906,-1.0,B,20.8,LOSS,-8,0.75,-8.75,3
2026-03-10,09:42:53,264,long,6778.5,A,1.8341,0.688,85.0772,44.52,3788,1,0.334,-0.957,C,14.5,WIN,10,11.0,-3.0,3
2026-03-10,09:45:20,269,short,6782.75,A,1.6382,0.5762,71.6586,49.39,3539,2,0.4327,0.4166,B,20.8,LOSS,-8,0.75,-10.0,3
2026-03-10,09:53:33,287,short,6784.5,A,1.4369,0.7126,51.448,49.04,2523,2,0.675,1.0,B,20.8,WIN,10,10.5,-0.75,6
2026-03-10,10:00:53,299,long,6771.75,A,1.6739,1.7901,100.1354,31.22,3126,1,0.3175,-0.9897,C,14.5,WIN,10,14.25,-2.5,8
2026-03-10,10:00:53,299,long,6771.75,B,1.6739,1.7901,100.1354,31.22,3126,1,0.3175,-0.9897,C,14.5,WIN,10,14.25,-2.5,8
2026-03-10,10:00:53,299,long,6771.75,C,1.6739,1.7901,100.1354,31.22,3126,1,0.3175,-0.9897,C,14.5,WIN,10,14.25,-2.5,8
2026-03-10,10:06:01,309,long,6783.0,B,0.6567,1.54,117.6635,13.2,1553,2,0.7752,-0.3219,B,20.8,LOSS,-8,1.75,-8.0,3
2026-03-10,10:14:00,321,short,6769.5,A,1.5966,0.6205,47.7099,81.72,3899,2,0.5411,0.4679,B,20.8,LOSS,-8,4.0,-11.5,5
2026-03-10,10:19:15,326,short,6781.0,B,0.4821,1.8143,125.6716,10.83,1361,1,0.3387,1.0,C,14.5,LOSS,-8,2.0,-10.5,3
2026-03-10,10:30:02,337,short,6800.25,B,0.6439,2.0855,126.0371,17.23,2171,1,0.2636,0.9,C,14.5,LOSS,-8,3.25,-9.25,4
2026-03-10,10:30:19,338,short,6797.25,A,1.7884,1.0689,68.5897,87.48,6000,1,0.3443,1.0,C,14.5,LOSS,-8,0.25,-12.25,3
2026-03-10,10:34:11,341,short,6804.5,C,1.613,1.5632,103.0474,57.44,5919,1,0.3733,1.0,C,14.5,LOSS,-8,0.75,-11.25,3
2026-03-10,10:54:02,352,long,6829.25,A,2.3487,0.7882,53.646,238.62,12801,3,1.0109,-0.2812,A,35.5,LOSS,-8,5.75,-8.25,5
2026-03-10,11:26:06,363,short,6825.75,A,1.4024,0.6042,36.4554,336.49,12267,2,0.5234,0.5598,B,20.8,LOSS,-8,2.5,-10.25,4
2026-03-10,12:05:34,377,long,6816.5,B,0.4652,2.1151,88.7093,32.33,2868,1,0.363,-0.883,C,14.5,WIN,10,13.5,0.0,4
2026-03-10,12:25:55,386,short,6827.25,A,1.8984,1.1956,51.4307,165.68,8521,2,0.5636,1.0,B,20.8,LOSS,-8,5.25,-9.0,9
2026-03-10,12:52:48,395,long,6831.25,A,2.2241,0.763,33.3726,317.45,10594,4,1.4537,-0.8397,A+,41.8,WIN,10,10.5,-0.75,3
2026-03-10,13:12:14,401,long,6834.25,B,1.1548,1.9725,85.1148,71.74,6106,4,1.3421,-0.7967,A,33.2,WIN,10,12.0,-0.5,3
2026-03-10,13:36:52,411,long,6828.75,B,0.6612,1.7838,95.6329,48.11,4601,2,0.4357,-0.8335,B,20.8,WIN,10,13.75,-4.25,9
2026-03-10,14:00:08,425,long,6835.0,A,1.9934,0.5148,33.3569,367.36,12254,3,0.9005,-0.4474,B,27.0,LOSS,-8,2.25,-19.25,4
2026-03-10,14:14:43,437,long,6806.5,B,0.3546,2.0247,164.6423,7.87,1295,1,0.2077,-1.0,C,14.5,LOSS,-8,6.25,-8.25,9
2026-03-10,14:15:10,440,short,6808.75,B,0.9614,1.908,194.9515,15.83,3086,2,0.7874,0.177,B,20.8,WIN,10,10.5,-4.0,5
2026-03-10,14:29:32,472,long,6814.5,A,1.6,0.8552,40.1703,45.66,1834,3,0.8128,-0.3399,B,27.0,LOSS,-8,5.75,-10.0,10
2026-03-10,14:32:01,478,short,6814.75,A,1.9351,0.4628,20.9835,105.61,2216,2,0.4183,0.739,B,20.8,WIN,10,10.25,-1.75,4
2026-03-10,14:35:09,481,long,6807.75,B,1.1216,5.2007,207.3012,6.47,1341,1,0.3045,-0.5498,C,14.5,WIN,10,11.0,-6.5,8
2026-03-10,14:35:15,482,long,6804.5,A,1.9755,2.7996,135.1809,17.93,2424,1,0.3746,-0.5333,C,14.5,WIN,10,10.5,-3.25,4
2026-03-10,14:35:15,482,long,6804.5,C,1.9755,2.7996,135.1809,17.93,2424,1,0.3746,-0.5333,C,14.5,WIN,10,10.5,-3.25,4
2026-03-10,14:38:28,490,short,6811.0,A,1.94,0.6877,44.3572,65.13,2889,1,0.3243,0.6957,C,14.5,WIN,10,10.5,-4.75,19
2026-03-10,14:42:46,496,long,6807.25,A,2.1854,0.6452,44.1083,88.87,3920,2,0.7059,-1.0,A,29.2,LOSS,-8,8.5,-9.25,17
2026-03-10,15:07:57,514,long,6807.25,A,1.4293,0.9763,35.9826,96.71,3480,2,0.7337,-0.7081,B,20.8,LOSS,-8,0.0,-8.25,3
2026-03-10,15:14:04,518,long,6809.0,B,1.3841,1.4079,47.4951,69.23,3288,4,1.25,-1.0,A,33.2,LOSS,-8,4.0,-8.25,4
2026-03-10,15:37:05,538,short,6791.25,A,1.6551,0.7205,54.2364,118.0,6400,3,1.0908,0.6253,B,27.0,LOSS,-8,5.5,-9.5,7
2026-03-10,15:40:32,541,short,6786.0,B,0.168,8.0166,644.0,1.0,644,2,0.6367,0.4027,B,20.8,LOSS,-8,0.25,-9.0,2
2026-03-10,15:42:57,550,short,6792.0,A,1.4589,0.3337,44.4319,107.31,4768,2,0.5833,1.0,B,20.8,WIN,10,10.0,-3.5,4
2026-03-10,15:50:00,555,short,6782.75,B,0.7015,1.8146,232.5373,9.82,2284,3,1.0742,0.6742,B,27.0,LOSS,-8,3.0,-8.5,10
2026-03-10,15:58:03,564,long,6787.25,A,5.5818,2.0451,190.3996,102.14,19448,3,0.8931,-0.6562,A+,43.8,WIN,10,10.0,-1.0,7
2026-03-10,15:58:03,564,long,6787.25,B,5.5818,2.0451,190.3996,102.14,19448,3,0.8931,-0.6562,A+,43.8,WIN,10,10.0,-1.0,7
2026-03-10,15:58:03,564,long,6787.25,C,5.5818,2.0451,190.3996,102.14,19448,3,0.8931,-0.6562,A+,43.8,WIN,10,10.0,-1.0,7
2026-03-11,09:37:52,191,short,6801.25,A,1.4022,0.4445,32.7217,127.84,4183,1,0.2273,1.0,C,14.5,WIN,10,12.75,0.0,2
2026-03-11,09:55:42,209,short,6787.0,A,1.4578,0.6294,53.9467,101.41,5471,3,0.8577,0.1735,B,27.0,LOSS,-8,0.0,-8.25,1
2026-03-11,09:58:49,211,short,6795.25,B,0.416,2.1411,187.314,8.45,1582,2,0.6826,0.7974,B,20.8,LOSS,-8,2.5,-12.0,2
2026-03-11,10:01:52,223,short,6806.0,A,2.2584,1.1306,202.8199,43.69,8862,1,0.3508,0.9619,B,23.0,WIN,10,15.25,0.0,7
2026-03-11,10:03:08,225,short,6798.25,B,0.3141,1.9631,360.6885,3.61,1301,1,0.3169,0.7683,C,14.5,WIN,10,11.5,-6.25,10
2026-03-11,10:23:57,261,long,6778.0,A,1.8784,0.8343,86.8883,61.75,5365,1,0.2925,-0.7042,C,14.5,LOSS,-8,1.0,-9.5,3
2026-03-11,10:40:28,281,short,6787.0,A,1.627,0.6003,43.6441,118.82,5186,2,0.45,1.0,B,20.8,LOSS,-8,0.5,-9.0,5
2026-03-11,10:58:31,293,short,6801.0,A,1.5127,0.7467,47.9813,116.36,5583,1,0.2353,1.0,C,14.5,WIN,10,14.5,0.0,2
2026-03-11,11:02:25,297,long,6786.5,B,1.0453,1.5895,102.7459,38.62,3968,3,0.9451,-0.7083,B,27.0,LOSS,-8,8.75,-12.0,5
2026-03-11,11:15:45,313,long,6768.0,A,1.8708,0.5685,78.0898,80.66,6299,1,0.3211,-1.0,C,14.5,WIN,10,10.5,0.0,3
2026-03-11,11:44:08,335,long,6756.75,A,1.5688,0.3777,53.9955,116.05,6266,1,0.2299,-1.0,C,14.5,WIN,10,13.75,-4.75,13
2026-03-11,12:19:54,355,short,6758.75,A,1.418,0.8447,49.6369,134.94,6698,3,0.9078,0.427,B,27.0,LOSS,-8,1.5,-11.75,3
2026-03-11,14:03:36,417,long,6763.75,A,1.4916,0.3082,25.0,183.0,4575,2,0.6442,-0.2415,B,20.8,WIN,10,14.5,-7.0,17
2026-03-11,14:18:40,423,short,6768.75,A,1.8582,0.3888,32.1962,187.54,6038,2,0.6303,0.574,B,20.8,LOSS,-8,8.5,-9.5,14
2026-03-11,14:41:33,433,short,6769.25,A,1.6345,0.3479,21.8203,280.43,6119,3,0.8887,0.9205,B,27.0,LOSS,-8,8.25,-9.0,9
2026-03-11,15:06:03,443,short,6761.75,A,1.8249,0.4988,20.714,377.04,7810,3,1.0435,1.0,B,27.0,LOSS,-8,0.0,-11.75,3
2026-03-11,15:48:23,455,long,6775.75,A,1.5214,1.441,43.5339,177.2,7714,3,1.1085,-0.8656,B,27.0,EXPIRED,-7.5,6.75,-7.5,3
2026-03-11,15:48:23,455,long,6775.75,B,1.5214,1.441,43.5339,177.2,7714,3,1.1085,-0.8656,B,27.0,EXPIRED,-7.5,6.75,-7.5,3
2026-03-11,15:48:23,455,long,6775.75,C,1.5214,1.441,43.5339,177.2,7714,3,1.1085,-0.8656,B,27.0,EXPIRED,-7.5,6.75,-7.5,3
2026-03-12,09:30:08,172,long,6723.75,B,1.2686,5.68,162.7781,24.57,4000,2,0.6509,-0.7054,B,20.8,LOSS,-8,2.0,-8.25,5
2026-03-12,09:31:26,177,long,6715.5,A,1.4271,2.019,159.3311,31.07,4950,1,0.329,-0.7945,C,14.5,WIN,10,11.5,-1.25,6
2026-03-12,09:31:26,177,long,6715.5,C,1.4271,2.019,159.3311,31.07,4950,1,0.329,-0.7945,C,14.5,WIN,10,11.5,-1.25,6
2026-03-12,09:41:52,195,short,6718.5,A,2.472,0.5211,68.8093,132.89,9144,2,0.6312,0.5756,A,29.2,WIN,10,10.25,-2.75,3
2026-03-12,09:45:42,198,long,6708.25,A,2.2484,1.0112,115.5044,77.12,8908,1,0.2421,-1.0,B,23.0,WIN,10,13.75,-5.5,6
2026-03-12,09:53:54,210,short,6703.75,A,1.4891,0.6903,75.3888,89.84,6773,4,1.2024,1.0,A,33.2,LOSS,-8,6.75,-10.75,7
2026-03-12,10:00:01,216,short,6710.0,B,0.7951,1.7196,191.1175,19.89,3801,3,0.9683,0.635,B,27.0,LOSS,-8,0.5,-8.75,4
2026-03-12,10:01:00,220,short,6718.75,A,1.4538,0.8257,105.2449,57.36,6037,1,0.2299,1.0,C,14.5,LOSS,-8,6.25,-8.25,12
2026-03-12,10:10:05,230,long,6722.0,A,1.4948,0.613,68.9874,97.57,6731,2,0.6032,-0.8277,B,20.8,LOSS,-8,5.75,-10.5,7
2026-03-12,10:27:32,244,long,6701.75,A,2.0412,1.1669,86.3572,110.43,9536,1,0.2193,-0.9596,B,23.0,LOSS,-8,1.75,-9.5,3
2026-03-12,10:37:55,252,short,6689.5,B,0.6798,2.0567,173.0839,22.72,3933,4,1.3928,0.6827,A,33.2,LOSS,-8,1.25,-8.75,2
2026-03-12,10:46:06,262,short,6715.5,B,0.2566,8.761,1066.3204,1.26,1345,1,0.2231,0.9344,C,14.5,WIN,10,11.5,-5.75,7
2026-03-12,10:55:51,279,short,6699.25,A,1.7684,0.1988,43.2075,146.13,6314,2,0.7232,0.9803,B,20.8,WIN,10,10.75,-4.5,10
2026-03-12,11:10:05,289,long,6688.5,A,2.2554,0.7473,50.2067,167.45,8407,1,0.3279,-1.0,B,23.0,WIN,10,14.0,-4.0,9
2026-03-12,11:39:33,310,short,6710.75,B,0.7943,6.6812,510.0825,7.54,3846,2,0.4291,0.8313,B,20.8,LOSS,-8,8.5,-8.0,11
2026-03-12,11:41:59,319,short,6712.75,A,1.9223,0.8946,160.628,43.12,6926,2,0.6053,0.4571,B,20.8,WIN,10,11.25,-6.25,12
2026-03-12,11:43:57,324,long,6717.75,A,1.4302,0.6684,142.7508,37.63,5372,2,0.69,-0.1527,B,20.8,LOSS,-8,0.75,-8.5,2
2026-03-12,11:48:22,334,long,6708.5,A,1.7477,0.4822,86.2094,60.55,5220,2,0.5223,-0.5699,B,20.8,WIN,10,10.5,-6.0,16
2026-03-12,12:01:14,347,long,6709.25,A,1.5458,0.9273,61.5559,67.32,4144,1,0.3009,-0.1509,C,14.5,LOSS,-8,9.75,-8.0,6
2026-03-12,12:03:00,349,short,6716.0,A,1.5488,0.809,50.6045,86.02,4353,1,0.2889,0.5868,C,14.5,WIN,10,14.75,-3.0,4
2026-03-12,12:17:54,364,short,6713.0,A,1.7022,0.7519,48.1127,126.18,6071,1,0.3977,1.0,C,14.5,LOSS,-8,1.0,-9.0,2
2026-03-12,12:23:54,370,short,6717.0,B,1.0898,1.5874,125.0787,35.95,4496,1,0.3375,0.6904,C,14.5,WIN,10,11.5,-1.0,3
2026-03-12,12:28:34,375,long,6700.75,A,1.7041,0.7672,65.598,120.92,7932,1,0.2982,-1.0,C,14.5,WIN,10,12.25,-1.5,3
2026-03-12,12:35:01,379,short,6712.0,A,1.6377,0.5489,46.8985,172.44,8087,2,0.4826,0.1626,B,20.8,WIN,10,12.0,-6.75,10
2026-03-12,13:04:00,401,short,6713.25,B,0.9054,3.9592,214.4947,16.27,3489,1,0.3679,0.6558,C,14.5,WIN,10,12.0,-3.5,5
2026-03-12,13:10:13,405,short,6706.0,A,2.1041,0.5221,31.1306,234.88,7312,2,0.5325,0.9667,A,29.2,WIN,10,10.0,-0.25,4
2026-03-12,13:23:01,412,long,6705.0,B,0.3796,1.651,96.5538,16.42,1585,1,0.3102,-0.2268,C,14.5,LOSS,-8,9.0,-8.5,10
2026-03-12,13:23:17,413,long,6703.75,A,1.8146,0.5991,36.5941,202.66,7416,1,0.2118,-0.3618,C,14.5,WIN,10,10.25,-3.75,6
2026-03-12,13:28:01,416,short,6705.0,A,1.6297,0.65,38.7559,171.33,6640,1,0.265,0.39,C,14.5,LOSS,-8,1.75,-9.0,3
2026-03-12,13:55:05,428,long,6691.0,B,0.4868,2.4637,112.2272,17.65,1981,1,0.2703,-1.0,C,14.5,WIN,10,10.25,-2.25,3
2026-03-12,14:09:11,439,short,6706.5,A,2.8911,0.6378,26.0066,349.95,9101,2,0.5625,1.0,A,29.2,WIN,10,12.0,-1.75,3
2026-03-12,14:41:07,451,long,6690.75,A,2.77,0.6843,22.8517,479.96,10968,1,0.2763,-0.562,B,23.0,WIN,10,11.5,-6.0,20
2026-03-12,14:58:54,456,long,6692.75,B,1.3311,1.6019,50.1147,124.23,6226,2,0.5807,-0.971,B,20.8,LOSS,-8,4.0,-8.0,4
2026-03-12,15:23:50,469,long,6693.0,A,2.0561,0.4314,30.4164,325.58,9903,3,0.8189,-0.3814,A,35.5,LOSS,-8,9.75,-9.0,9
2026-03-12,15:40:57,477,short,6687.0,A,1.7158,1.0672,77.8328,96.19,7487,4,1.2412,0.8603,A,33.2,WIN,10,12.25,-2.0,8
2026-03-12,15:54:22,481,short,6682.25,B,0.3782,1.4873,74.0544,27.99,2073,3,0.9447,0.1947,B,27.0,WIN,10,10.5,-5.0,7
2026-03-12,15:56:01,485,long,6674.75,A,12.8459,4.5519,282.9267,239.25,67690,1,0.2802,-0.9903,A,31.2,WIN,10,13.0,-3.0,8
2026-03-12,15:56:01,485,long,6674.75,B,12.8459,4.5519,282.9267,239.25,67690,1,0.2802,-0.9903,A,31.2,WIN,10,13.0,-3.0,8
2026-03-12,15:56:01,485,long,6674.75,C,12.8459,4.5519,282.9267,239.25,67690,1,0.2802,-0.9903,A,31.2,WIN,10,13.0,-3.0,8
2026-03-13,09:30:40,180,short,6712.25,A,1.8594,1.4517,194.0411,29.46,5716,1,0.3213,0.728,C,14.5,LOSS,-8,9.0,-8.75,14
2026-03-13,09:30:40,180,short,6712.25,B,1.8594,1.4517,194.0411,29.46,5716,1,0.3213,0.728,C,14.5,LOSS,-8,9.0,-8.75,14
2026-03-13,09:30:40,180,short,6712.25,C,1.8594,1.4517,194.0411,29.46,5716,1,0.3213,0.728,C,14.5,LOSS,-8,9.0,-8.75,14
2026-03-13,09:37:37,193,short,6716.75,A,1.4709,0.8867,81.6455,70.02,5717,3,0.9992,0.981,B,27.0,LOSS,-8,1.75,-9.25,4
2026-03-13,09:49:50,205,long,6721.5,B,0.5006,1.4908,146.4674,16.08,2355,2,0.4488,-0.4185,B,20.8,WIN,10,10.25,-1.25,4
2026-03-13,09:53:54,209,short,6731.75,B,0.6227,4.7203,458.8123,6.74,3093,2,0.6155,0.2822,B,20.8,WIN,10,10.75,-1.0,3
2026-03-13,10:02:38,222,long,6716.5,A,2.4423,0.7528,79.1312,125.9,9963,1,0.3416,-0.8826,B,23.0,LOSS,-8,2.75,-8.25,6
2026-03-13,10:10:46,232,long,6706.75,B,0.9836,1.5258,123.53,26.65,3292,1,0.2809,-0.9952,C,14.5,LOSS,-8,0.75,-8.25,3
2026-03-13,10:12:11,234,long,6701.75,A,3.3199,0.8138,63.5987,182.61,11614,2,0.4444,-1.0,A+,37.5,LOSS,-8,3.25,-10.5,4
2026-03-13,10:31:58,253,short,6711.5,A,1.4045,0.7581,60.1299,112.37,6757,1,0.2664,0.9948,C,14.5,WIN,10,11.5,-1.5,3
2026-03-13,10:40:30,263,long,6693.5,B,1.0507,1.5127,106.9278,33.91,3626,1,0.3077,-1.0,C,14.5,LOSS,-8,1.0,-8.25,4
2026-03-13,10:41:04,264,long,6689.5,A,1.8178,1.0356,75.1059,84.83,6371,1,0.3791,-0.9317,C,14.5,LOSS,-8,4.5,-10.0,5
2026-03-13,10:56:32,281,long,6664.75,B,1.0056,1.5847,148.5751,30.75,4568,1,0.2041,-0.9689,C,14.5,WIN,10,10.0,-5.75,14
2026-03-13,11:00:57,288,short,6661.0,A,1.838,0.5788,75.287,115.61,8704,4,1.4715,0.8488,A,33.2,LOSS,-8,2.0,-8.0,3
2026-03-13,11:24:56,309,long,6658.0,A,2.9314,1.0489,71.2557,174.12,12407,1,0.2326,-1.0,B,23.0,LOSS,-8,9.25,-8.5,12
2026-03-13,11:48:54,331,short,6653.0,A,1.5201,0.3827,66.23,94.37,6250,2,0.4813,0.7281,B,20.8,LOSS,-8,8.5,-8.25,15
2026-03-13,12:03:35,343,long,6651.25,A,1.5204,0.2418,40.2458,151.25,6087,3,0.9296,-0.5623,B,27.0,WIN,10,10.0,-1.25,3
2026-03-13,12:07:31,346,short,6661.25,A,2.2845,0.3373,40.1121,228.71,9174,1,0.2985,1.0,B,23.0,WIN,10,10.5,-2.25,3
2026-03-13,12:36:35,364,long,6661.25,A,1.7435,0.8633,44.7552,145.77,6524,2,0.7929,-0.1959,B,20.8,LOSS,-8,0.75,-8.0,5
2026-03-13,12:58:51,379,long,6648.5,B,1.0562,5.7166,279.0042,12.72,3550,2,0.6594,-0.5308,B,20.8,WIN,10,11.75,-3.5,8
2026-03-13,12:59:04,380,long,6650.25,A,1.6552,1.2187,75.2896,74.5,5609,2,0.4946,-0.7378,B,20.8,WIN,10,10.0,-5.25,7
2026-03-13,13:12:39,387,short,6660.25,A,1.6024,0.7867,45.9947,138.76,6382,2,0.4852,0.9278,B,20.8,WIN,10,12.0,-4.75,16
2026-03-13,13:44:07,404,short,6650.75,B,0.4152,3.6614,142.5051,11.56,1648,1,0.3716,0.2466,C,14.5,WIN,10,14.0,-4.75,5
2026-03-13,13:49:26,409,long,6636.75,B,1.1148,2.3552,100.1887,40.51,4059,1,0.275,-1.0,C,14.5,WIN,10,10.0,-2.25,6
2026-03-13,14:02:54,415,short,6641.75,A,2.0054,0.7459,36.0422,263.11,9483,2,0.5322,0.2636,A,29.2,LOSS,-8,0.5,-9.25,4
2026-03-13,14:37:16,428,short,6657.75,A,1.5841,0.5546,24.8674,355.65,8844,2,0.4592,0.9467,B,20.8,WIN,10,11.5,-4.25,8
2026-03-13,15:16:57,440,long,6647.25,A,1.5878,1.1531,39.152,220.88,8648,1,0.2995,-0.8709,C,14.5,LOSS,-8,0.75,-9.0,2
2026-03-13,15:45:00,448,long,6628.5,B,0.4493,1.9904,74.9221,44.38,3325,1,0.2574,-1.0,C,14.5,WIN,10,10.25,-1.25,5
2026-03-13,15:52:57,452,long,6637.5,A,2.2875,1.6131,68.7668,237.03,16300,1,0.2589,-0.632,B,23.0,LOSS,-8,1.25,-9.5,3
2026-03-13,15:52:57,452,long,6637.5,C,2.2875,1.6131,68.7668,237.03,16300,1,0.2589,-0.632,B,23.0,LOSS,-8,1.25,-9.5,3
2026-03-16,09:30:03,210,short,6693.75,B,1.0891,13.0273,126.9972,18.47,2346,3,1.0079,0.5556,B,27.0,LOSS,-8,3.25,-8.75,3
2026-03-16,09:31:11,213,short,6702.5,A,3.6964,2.0076,48.3691,167.83,8118,3,0.8542,1.0,A+,43.8,LOSS,-8,4.0,-8.0,5
2026-03-16,09:31:11,213,short,6702.5,C,3.6964,2.0076,48.3691,167.83,8118,3,0.8542,1.0,A+,43.8,LOSS,-8,4.0,-8.0,5
2026-03-16,09:45:10,220,short,6717.0,B,0.8122,1.9536,66.7863,36.89,2464,1,0.2168,0.9895,C,14.5,LOSS,-8,9.5,-9.25,17
2026-03-16,09:56:42,227,long,6716.25,B,0.3867,1.4999,70.7217,20.57,1455,2,0.4805,-0.1948,B,20.8,WIN,10,10.0,-2.5,10
2026-03-16,09:58:02,229,long,6718.0,A,1.6485,0.9314,49.1539,123.35,6063,3,0.8938,-0.6841,B,27.0,WIN,10,10.0,-4.25,9
2026-03-16,10:08:38,237,short,6726.25,A,1.4054,0.8862,40.2623,113.63,4575,2,0.5701,0.8301,B,20.8,WIN,10,14.0,-1.75,12
2026-03-16,10:12:03,239,long,6720.0,B,0.6071,1.5057,69.3122,29.62,2053,3,0.9845,-0.5459,B,27.0,LOSS,-8,7.25,-10.25,11
2026-03-16,10:12:33,240,long,6723.0,A,2.0163,0.5638,26.917,241.37,6497,2,0.6653,-0.5939,A,29.2,LOSS,-8,4.25,-10.75,9
2026-03-16,10:29:57,249,long,6712.25,B,0.5968,1.708,64.5444,28.4,1833,2,0.496,-0.9293,B,20.8,LOSS,-8,2.5,-9.0,3
2026-03-16,10:30:26,250,long,6709.75,A,1.8251,0.9936,38.3113,136.25,5220,2,0.5571,-1.0,B,20.8,LOSS,-8,1.0,-12.0,5
2026-03-16,10:42:39,259,short,6699.0,A,1.6269,0.8452,32.9566,149.2,4917,3,0.9104,0.2089,B,27.0,LOSS,-8,9.75,-8.5,8
2026-03-16,11:22:51,279,short,6712.0,A,2.074,0.5682,17.0213,390.51,6647,1,0.3286,1.0,B,23.0,LOSS,-8,1.5,-8.0,2
2026-03-16,11:57:35,292,long,6700.25,B,1.1103,2.8939,56.6636,57.16,3239,1,0.216,-0.8524,C,14.5,LOSS,-8,5.0,-9.75,16
2026-03-16,12:17:33,306,long,6699.0,A,1.5223,0.8693,20.2451,150.36,3044,2,0.6447,-0.806,B,20.8,LOSS,-8,1.5,-8.5,2
2026-03-16,12:21:47,308,long,6690.5,B,1.0342,2.0399,46.7922,43.38,2030,1,0.3101,-0.9711,C,14.5,WIN,10,10.0,-6.0,13
2026-03-16,12:25:12,312,long,6689.5,C,2.5191,1.7014,46.3845,110.73,5136,1,0.2156,-0.9625,B,23.0,WIN,10,11.0,-5.0,9
2026-03-16,12:31:35,317,long,6687.5,A,1.7101,0.9929,27.5153,121.71,3349,2,0.495,-0.6658,B,20.8,WIN,10,13.0,-0.75,4
2026-03-16,12:35:18,319,short,6693.75,A,2.3459,0.79,22.0927,214.32,4735,2,0.5644,0.9698,A,29.2,LOSS,-8,1.5,-9.0,3
2026-03-16,13:00:20,331,long,6704.25,B,0.996,3.615,85.9449,26.75,2299,2,0.7176,-0.289,B,20.8,LOSS,-8,6.75,-8.5,18
2026-03-16,13:01:17,334,long,6706.0,A,1.4261,1.4019,42.2856,70.35,2975,3,0.8753,-0.738,B,27.0,LOSS,-8,5.0,-10.25,15
2026-03-16,13:01:17,334,long,6706.0,C,1.4261,1.4019,42.2856,70.35,2975,3,0.8753,-0.738,B,27.0,LOSS,-8,5.0,-10.25,15
2026-03-16,13:10:21,340,short,6708.25,A,1.6049,0.6534,18.6779,152.21,2843,1,0.3454,0.3454,C,14.5,WIN,10,12.5,-2.75,9
2026-03-16,13:33:20,345,long,6701.75,A,2.1022,0.3452,9.4677,469.7,4447,2,0.7243,-0.5115,A,29.2,LOSS,-8,4.0,-8.25,5
2026-03-16,14:06:57,354,short,6709.75,B,1.0781,2.6198,42.9686,59.21,2544,2,0.5947,0.9129,B,20.8,LOSS,-8,4.0,-11.0,10
2026-03-16,14:12:04,356,short,6711.0,A,1.4544,0.7551,12.1176,280.17,3395,2,0.4029,0.6987,B,20.8,LOSS,-8,5.25,-9.75,8
2026-03-16,15:09:40,364,short,6720.75,B,0.2951,11.2935,190.589,5.47,1042,1,0.3312,0.9812,C,14.5,LOSS,-8,1.0,-8.25,2
2026-03-16,15:29:26,381,long,6703.25,A,2.0785,0.6713,66.1726,76.59,5068,2,0.5715,-0.9715,A,29.2,LOSS,-8,4.25,-10.25,12
2026-03-16,15:55:58,389,long,6701.0,B,8.6854,2.2354,82.532,384.24,31712,1,0.2666,-0.4711,A,31.2,LOSS,-8,6.5,-8.0,4
2026-03-16,15:55:58,389,long,6701.0,C,8.6854,2.2354,82.532,384.24,31712,1,0.2666,-0.4711,A,31.2,LOSS,-8,6.5,-8.0,4
2026-03-17,09:30:05,98,short,6737.25,B,0.7798,6.1054,27.7665,34.65,962,1,0.2742,0.92,C,14.5,LOSS,-8,1.0,-12.0,3
2026-03-17,09:32:22,101,long,6749.25,A,1.9123,2.8579,25.7494,94.72,2439,4,1.2098,-0.432,A,33.2,LOSS,-8,8.25,-10.75,16
2026-03-17,09:32:22,101,long,6749.25,B,1.9123,2.8579,25.7494,94.72,2439,4,1.2098,-0.432,A,33.2,LOSS,-8,8.25,-10.75,16
2026-03-17,09:32:22,101,long,6749.25,C,1.9123,2.8579,25.7494,94.72,2439,4,1.2098,-0.432,A,33.2,LOSS,-8,8.25,-10.75,16
2026-03-17,09:50:26,111,long,6754.5,A,1.6112,0.4854,6.9238,331.46,2295,3,1.0629,-0.7429,B,27.0,LOSS,-8,0.0,-10.0,3
2026-03-17,11:07:58,140,long,6730.0,A,1.4322,1.2608,10.4677,138.14,1446,1,0.2977,-0.9033,C,14.5,WIN,10,10.0,-0.5,4
2026-03-17,11:18:47,146,short,6737.5,B,0.9783,1.5087,12.9776,77.13,1001,3,1.1099,0.6713,B,27.0,WIN,10,11.0,-1.75,8
2026-03-17,11:27:49,152,short,6734.25,A,1.4916,0.9132,7.6096,200.27,1524,2,0.7409,0.2182,B,20.8,WIN,10,11.25,-0.75,3
2026-03-17,11:55:05,164,short,6727.5,B,0.421,3.5377,29.7397,12.21,363,2,0.7037,1.0,B,20.8,WIN,10,11.5,-0.75,4
2026-03-17,12:04:20,169,short,6717.5,A,1.5908,1.0206,8.7459,165.22,1445,4,1.3396,1.0,A,33.2,LOSS,-8,3.75,-8.0,5
2026-03-17,12:27:36,180,short,6722.0,A,2.0265,0.5104,4.2811,377.01,1614,2,0.5308,0.9908,A,29.2,LOSS,-8,1.75,-10.25,8
2026-03-17,13:54:51,193,short,6732.25,A,1.4152,0.5161,2.7306,502.45,1372,2,0.4182,0.6801,B,20.8,WIN,10,11.75,-4.5,5
2026-03-17,14:23:28,197,short,6723.75,B,0.5893,1.761,7.9742,76.25,608,2,0.697,0.4085,B,20.8,LOSS,-8,6.0,-50.0,17
2026-03-17,15:15:45,205,long,6724.25,A,1.4325,1.0031,4.4141,423.87,1871,2,0.5177,-0.4689,B,20.8,WIN,10,49.5,-6.5,9
2026-03-17,15:43:24,207,long,6725.5,B,1.7933,1.5857,7.0519,396.07,2793,3,0.8031,-0.8031,B,27.0,WIN,10,48.25,-7.75,7
2026-03-17,15:43:24,207,long,6725.5,C,1.7933,1.5857,7.0519,396.07,2793,3,0.8031,-0.8031,B,27.0,WIN,10,48.25,-7.75,7
2026-03-18,09:30:04,95,short,6753.5,B,0.5712,12.809,525.2233,2.67,1401,2,0.4186,1.0,B,20.8,WIN,10,11.75,0.0,2
2026-03-18,09:35:12,103,short,6753.75,A,2.764,0.7478,59.1896,129.94,7691,1,0.3281,1.0,B,23.0,WIN,10,11.5,-6.0,14
2026-03-18,09:46:53,115,short,6754.75,A,1.5129,0.6882,56.4766,96.66,5459,1,0.2778,1.0,C,14.5,WIN,10,12.5,-2.75,8
2026-03-18,10:57:21,167,short,6731.5,A,1.5048,1.1781,61.6029,90.42,5570,3,0.86,1.0,B,27.0,LOSS,-8,0.5,-8.5,4
2026-03-18,11:00:03,169,short,6738.75,B,1.3036,1.9907,106.2225,48.29,5130,1,0.2658,1.0,C,14.5,WIN,10,12.5,-1.25,4
2026-03-18,11:20:45,177,short,6731.25,A,1.4172,0.825,46.4904,141.79,6592,1,0.346,0.6793,C,14.5,WIN,10,11.5,-7.25,18
2026-03-18,12:25:35,201,short,6730.75,A,2.6142,0.6281,26.2442,497.86,13066,1,0.217,0.2614,B,23.0,WIN,10,11.0,-0.75,6
2026-03-18,13:11:43,217,long,6721.5,A,2.156,0.9545,29.8564,349.1,10423,1,0.2597,-1.0,B,23.0,WIN,10,12.5,-6.5,5
2026-03-18,13:30:49,219,short,6720.0,B,0.8896,1.5105,45.9914,97.21,4471,2,0.662,0.2377,B,20.8,LOSS,-8,0.0,-8.0,1
2026-03-18,13:35:05,221,short,6723.0,A,2.1583,0.9744,30.8107,363.28,11193,2,0.4999,0.3484,A,29.2,LOSS,-8,0.0,-11.0,3
2026-03-18,14:01:19,229,short,6732.5,B,0.321,2.1109,65.3919,28.75,1880,1,0.3431,0.9097,C,14.5,WIN,10,14.75,-3.75,5
2026-03-18,14:15:32,239,short,6717.75,B,0.3474,6.0617,210.7557,8.21,1731,2,0.6794,0.3629,B,20.8,WIN,10,10.25,-7.5,10
2026-03-18,14:35:18,251,long,6710.25,B,0.6497,1.6488,88.3006,33.45,2954,1,0.2026,-0.9288,C,14.5,WIN,10,13.75,0.0,2
2026-03-18,14:44:55,263,long,6708.25,A,1.4083,0.3321,22.4258,234.64,5262,2,0.4697,-1.0,B,20.8,LOSS,-8,0.75,-10.25,2
2026-03-18,14:52:56,267,long,6698.0,B,1.9749,1.4324,100.2877,72.61,7282,1,0.2531,-0.7243,C,14.5,WIN,10,11.5,-3.75,4
2026-03-18,14:52:56,267,long,6698.0,C,1.9749,1.4324,100.2877,72.61,7282,1,0.2531,-0.7243,C,14.5,WIN,10,11.5,-3.75,4
2026-03-18,14:58:18,271,short,6699.25,A,2.2769,0.7658,57.1169,162.65,9290,3,1.1513,0.3194,A,35.5,LOSS,-8,0.0,-10.25,2
2026-03-18,15:23:00,285,short,6694.0,A,4.0369,0.7367,49.8449,362.5,18069,3,1.1142,0.7239,A+,43.8,WIN,10,13.25,0.0,3
2026-03-19,09:30:02,251,long,6621.0,B,1.2818,11.7753,757.4493,3.47,2631,2,0.4009,-0.7839,B,20.8,LOSS,-8,1.5,-9.25,3
2026-03-19,09:30:12,253,long,6613.75,A,1.4808,2.5913,301.9003,10.49,3166,1,0.2049,-0.8233,C,14.5,WIN,10,10.75,-2.0,5
2026-03-19,09:30:12,253,long,6613.75,C,1.4808,2.5913,301.9003,10.49,3166,1,0.2049,-0.8233,C,14.5,WIN,10,10.75,-2.0,5
2026-03-19,09:44:27,285,short,6630.75,A,2.0437,0.7111,71.5316,71.95,5147,1,0.3731,1.0,B,23.0,LOSS,-8,5.0,-8.25,8
2026-03-19,09:50:58,296,short,6647.75,A,2.4344,1.0822,98.3318,70.34,6917,1,0.2614,1.0,B,23.0,WIN,10,10.75,-7.75,30
2026-03-19,10:00:49,307,short,6647.5,A,1.7967,1.0151,80.1753,72.97,5850,1,0.2044,0.5933,C,14.5,LOSS,-8,7.0,-8.0,13
2026-03-19,10:11:00,318,short,6650.0,B,0.2805,2.1146,129.278,6.95,899,2,0.784,0.8367,B,20.8,WIN,10,10.75,-5.5,7
2026-03-19,10:11:35,320,short,6650.5,A,2.6476,1.2372,78.4918,97.68,7667,2,0.6174,0.9841,A,29.2,WIN,10,11.25,-1.5,5
2026-03-19,10:16:47,328,long,6641.25,A,1.9515,0.8349,57.3236,89.33,5121,1,0.2597,-1.0,C,14.5,LOSS,-8,0.25,-8.5,3
2026-03-19,10:28:09,340,short,6625.75,A,1.6264,0.7655,53.345,89.59,4779,3,1.0005,0.3338,B,27.0,LOSS,-8,3.0,-8.0,3
2026-03-19,10:31:35,343,short,6633.75,B,0.7693,1.5904,105.219,21.18,2229,3,0.9267,0.8233,B,27.0,LOSS,-8,0.75,-10.5,3
2026-03-19,10:57:14,369,short,6642.75,A,1.6168,1.0357,63.1851,65.6,4145,1,0.2057,0.642,C,14.5,LOSS,-8,7.25,-10.5,6
2026-03-19,11:05:20,375,short,6653.25,B,1.1599,1.5982,89.4984,37.62,3367,1,0.3657,0.8305,C,14.5,WIN,10,13.5,-5.0,12
2026-03-19,11:09:46,381,short,6652.25,A,2.5194,0.7602,46.6486,170.02,7931,2,0.5269,0.9323,A,29.2,WIN,10,12.5,-5.5,6
2026-03-19,11:20:55,388,long,6635.5,A,2.1896,1.071,65.4916,134.96,8839,1,0.2548,-0.6255,B,23.0,LOSS,-8,5.25,-8.25,9
2026-03-19,11:36:19,398,long,6629.25,A,1.5651,0.9199,54.4057,137.85,7500,2,0.4545,-1.0,B,20.8,WIN,10,10.25,-7.25,17
2026-03-19,11:51:45,412,short,6626.75,A,1.7565,0.7142,47.2422,157.06,7420,3,0.8444,1.0,B,27.0,LOSS,-8,0.0,-9.75,2
2026-03-19,11:55:53,414,short,6636.5,B,0.4246,3.9061,258.2411,7.32,1891,1,0.4,1.0,C,14.5,LOSS,-8,3.0,-8.0,6
2026-03-19,12:04:23,423,short,6648.0,A,1.5472,0.8833,79.0086,80.0,6321,2,0.4154,0.9229,B,20.8,WIN,10,10.25,-4.0,5
2026-03-19,12:15:30,433,short,6639.0,A,2.1221,0.5429,47.1401,184.9,8716,3,1.0128,0.4156,A,35.5,LOSS,-8,7.25,-9.0,13
2026-03-19,12:52:17,451,short,6631.5,A,1.9623,1.3696,55.1813,158.44,8743,3,0.8234,0.5095,B,27.0,WIN,10,13.5,-2.75,6
2026-03-19,13:04:44,456,long,6622.5,A,1.9286,0.9638,37.6488,236.42,8901,1,0.2597,-1.0,C,14.5,WIN,10,10.5,-6.25,8
2026-03-19,13:08:41,457,long,6618.0,B,0.5848,1.7287,66.367,43.52,2888,1,0.25,-1.0,C,14.5,WIN,10,12.25,-1.75,6
2026-03-19,13:39:12,472,long,6627.25,A,1.7894,0.7824,29.4026,285.35,8390,1,0.2278,-0.6385,C,14.5,WIN,10,11.5,-3.25,4
2026-03-19,13:52:55,477,short,6634.5,A,1.5759,0.9753,35.8308,192.91,6912,1,0.2474,0.4503,C,14.5,LOSS,-8,7.5,-9.25,7
2026-03-19,14:12:42,484,short,6643.75,B,0.8122,2.4609,78.581,46.73,3672,2,0.5522,0.8507,B,20.8,WIN,10,12.5,-3.75,7
2026-03-19,14:23:11,490,long,6636.0,A,1.7273,0.643,21.8697,352.31,7705,2,0.6265,-0.3685,B,20.8,LOSS,-8,0.25,-9.5,4
2026-03-19,15:03:48,513,short,6661.0,B,0.6739,2.1768,236.0208,13.8,3258,1,0.2291,0.9059,C,14.5,LOSS,-8,1.5,-9.75,3
2026-03-19,15:05:12,517,long,6675.5,A,2.4919,1.0175,147.3052,72.7,10709,3,1.0467,-0.5155,A,35.5,WIN,10,13.25,-0.5,3
2026-03-19,15:07:53,526,long,6679.5,B,1.0419,1.6569,370.5015,10.66,3949,3,0.9631,-0.9916,B,27.0,LOSS,-8,9.0,-9.25,21
2026-03-19,15:08:41,531,short,6682.75,A,1.7517,0.6875,167.0069,34.78,5809,2,0.7665,0.6047,B,20.8,WIN,10,10.25,-5.5,7
2026-03-19,15:11:38,543,short,6681.5,A,2.3173,0.6299,118.4325,46.38,5493,1,0.2516,0.4704,B,23.0,WIN,10,11.25,-2.0,4
2026-03-19,15:16:12,553,short,6681.0,A,1.6186,0.5741,81.2483,52.35,4253,1,0.3476,0.4688,C,14.5,WIN,10,11.75,-2.75,6
2026-03-19,15:27:57,569,long,6664.25,A,1.6019,0.8511,74.7644,70.64,5281,1,0.3389,-0.8882,C,14.5,LOSS,-8,5.0,-9.25,9
2026-03-19,15:43:06,587,short,6663.5,A,2.0893,0.8355,52.9682,114.6,6070,1,0.2941,1.0,B,23.0,LOSS,-8,8.75,-10.75,18
2026-03-19,15:49:37,590,short,6659.0,B,0.9167,1.6478,99.0673,30.94,3065,3,0.9006,0.8217,B,27.0,LOSS,-8,4.25,-8.25,13
2026-03-19,15:55:00,594,long,6658.75,B,0.5754,2.2314,143.0592,15.72,2249,2,0.626,-0.8651,B,20.8,WIN,10,11.0,-4.0,10
2026-03-19,15:56:34,597,long,6663.75,A,1.4468,0.9987,71.4789,81.9,5854,2,0.675,-1.0,B,20.8,LOSS,-8,0.75,-9.0,4
2026-03-19,15:58:18,599,long,6657.75,C,2.2638,2.2204,160.4721,60.38,9689,3,1.1,-1.0,A,35.5,WIN,10,12.0,-3.0,5
2026-03-20,09:30:01,177,short,6636.25,A,1.6776,12.0594,421.4938,12.91,5441,3,0.9061,0.8879,B,27.0,WIN,10,10.75,-6.0,10
2026-03-20,09:30:01,177,short,6636.25,B,1.6776,12.0594,421.4938,12.91,5441,3,0.9061,0.8879,B,27.0,WIN,10,10.75,-6.0,10
2026-03-20,09:30:01,177,short,6636.25,C,1.6776,12.0594,421.4938,12.91,5441,3,0.9061,0.8879,B,27.0,WIN,10,10.75,-6.0,10
2026-03-20,09:38:24,193,short,6627.5,A,2.4457,0.5345,76.9111,127.8,9829,4,1.3731,0.7812,A+,41.8,LOSS,-8,3.0,-9.75,7
2026-03-20,09:44:51,201,short,6641.75,B,0.8736,2.1602,212.3413,16.02,3401,1,0.2597,1.0,C,14.5,WIN,10,12.0,-1.25,3
2026-03-20,09:47:59,208,short,6632.5,A,1.5724,0.5943,60.0448,99.14,5953,2,0.5578,0.576,B,20.8,WIN,10,10.75,-3.0,4
2026-03-20,09:50:14,211,long,6623.0,B,0.4393,1.6731,167.7325,9.15,1535,1,0.2507,-0.943,C,14.5,LOSS,-8,3.75,-9.5,8
2026-03-20,09:50:51,213,long,6617.0,A,2.2114,1.2072,125.6458,58.43,7341,1,0.3888,-0.9864,B,23.0,LOSS,-8,6.0,-8.5,8
2026-03-20,10:05:12,230,short,6612.75,A,1.8066,0.715,74.5545,109.37,8154,1,0.2421,0.497,C,14.5,WIN,10,11.5,-1.0,3
2026-03-20,10:11:48,237,long,6596.0,A,1.4195,0.9001,101.3352,67.77,6867,1,0.2481,-0.7974,C,14.5,WIN,10,10.25,-5.75,13
2026-03-20,10:23:34,245,short,6598.0,A,2.2681,0.5047,53.7983,207.96,11188,2,0.7242,0.4451,A,29.2,LOSS,-8,6.5,-8.25,5
2026-03-20,10:55:54,270,long,6601.25,B,0.3869,5.2403,349.89,4.7,1646,1,0.3323,-0.4591,C,14.5,LOSS,-8,5.75,-8.75,10
2026-03-20,11:00:05,276,short,6605.5,B,0.4767,1.8862,157.5724,10.9,1717,1,0.2778,1.0,C,14.5,WIN,10,13.0,-1.5,4
2026-03-20,11:00:16,277,short,6602.0,A,3.1327,1.3079,115.5871,93.76,10837,1,0.3226,1.0,A,31.2,LOSS,-8,9.5,-10.75,19
2026-03-20,11:14:33,287,short,6603.5,A,1.5727,0.5661,52.7771,116.94,6172,1,0.2183,0.6714,C,14.5,LOSS,-8,9.25,-9.25,9
2026-03-20,11:23:25,294,short,6603.75,B,0.7049,20.5869,1221.777,2.35,2875,3,0.98,0.6993,B,27.0,LOSS,-8,0.5,-9.0,2
2026-03-20,11:26:23,307,long,6593.0,A,2.4448,0.2289,60.2018,115.49,6953,1,0.2222,-1.0,B,23.0,WIN,10,10.25,-2.5,5
2026-03-20,11:37:15,316,short,6599.5,A,1.9618,0.2371,39.6803,147.53,5854,1,0.3571,1.0,C,14.5,LOSS,-8,3.5,-9.25,11
2026-03-20,11:57:19,327,short,6608.75,A,2.3303,0.9279,39.1243,222.29,8697,2,0.6507,0.9644,A,29.2,WIN,10,12.75,-7.25,15
2026-03-20,12:03:59,329,short,6609.75,B,1.0598,1.6072,63.8608,66.07,4219,1,0.2193,0.9526,C,14.5,WIN,10,13.75,-6.25,13
2026-03-20,12:19:23,337,short,6611.0,A,1.6454,1.1351,41.3739,169.77,7024,3,0.8116,0.918,B,27.0,WIN,10,10.0,-4.5,4
2026-03-20,12:33:32,344,long,6603.75,B,1.1635,1.529,61.9046,90.48,5601,1,0.2096,-0.6795,C,14.5,LOSS,-8,0.75,-8.5,8
2026-03-20,12:41:35,349,long,6598.75,A,1.9127,0.5753,23.8424,352.48,8404,2,0.7907,-1.0,B,20.8,WIN,10,11.0,-3.5,6
2026-03-20,13:00:48,358,short,6603.75,A,1.7665,0.6916,27.5849,268.34,7402,1,0.3106,0.8106,C,14.5,WIN,10,10.0,-1.0,4
2026-03-20,13:05:16,359,short,6599.75,B,0.7614,23.0873,916.5603,3.55,3255,2,0.6835,0.7869,B,20.8,WIN,10,10.75,-7.75,14
2026-03-20,13:05:38,362,long,6593.75,B,0.4226,4.5705,475.0696,3.54,1682,1,0.293,-0.7773,C,14.5,WIN,10,11.25,-0.5,3
2026-03-20,13:17:23,369,short,6601.5,A,1.9766,0.2259,29.8084,279.62,8335,1,0.3212,0.1633,C,14.5,WIN,10,10.75,-1.75,3
2026-03-20,13:54:29,384,short,6588.0,A,2.0901,0.8763,40.9248,282.59,11565,1,0.3944,0.8625,B,23.0,WIN,10,13.25,-5.0,7
2026-03-20,14:21:38,393,long,6574.5,B,0.4456,2.2994,127.0743,17.86,2269,1,0.2987,-1.0,C,14.5,LOSS,-8,0.0,-9.75,2
2026-03-20,14:25:05,398,long,6571.75,A,2.1315,0.9108,69.3503,163.39,11331,1,0.3644,-0.9239,B,23.0,LOSS,-8,2.5,-8.25,3
2026-03-20,14:36:49,403,short,6562.5,A,1.6581,0.7768,61.8288,141.39,8742,2,0.7635,0.3307,B,20.8,WIN,10,10.25,-0.5,6
2026-03-20,15:10:55,415,short,6554.0,A,1.6531,0.9028,56.1989,194.9,10953,4,1.2476,0.9698,A,33.2,WIN,10,10.75,-2.5,4
2026-03-20,15:24:12,418,short,6544.75,B,0.4493,2.1436,104.5243,31.56,3299,4,1.3542,0.7485,A,33.2,WIN,10,10.0,-5.75,6
2026-03-20,15:43:12,431,short,6544.25,B,1.1335,1.5315,109.6644,77.62,8512,2,0.5873,0.6483,B,20.8,LOSS,-8,9.5,-9.75,11
2026-03-20,15:52:33,441,short,6551.0,B,1.2624,1.5197,150.1902,51.25,7697,2,0.598,0.9672,B,20.8,LOSS,-8,2.0,-8.0,2
2026-03-20,15:53:25,442,short,6554.0,A,1.8492,1.4922,154.3904,76.63,11831,2,0.54,0.9685,B,20.8,LOSS,-8,0.0,-10.5,5
2026-03-20,15:53:25,442,short,6554.0,C,1.8492,1.4922,154.3904,76.63,11831,2,0.54,0.9685,B,20.8,LOSS,-8,0.0,-10.5,5
2026-03-23,09:30:00,1157,short,6659.5,B,0.7255,16.0324,515.4281,2.52,1298,4,1.275,0.4948,A,33.2,WIN,10,12.0,0.0,3
2026-03-23,09:31:15,1167,short,6652.0,A,2.384,0.9532,98.4406,49.15,4838,3,1.1126,0.6555,A,35.5,WIN,10,14.0,-4.25,7
2026-03-23,09:34:06,1178,short,6643.25,A,2.5884,0.6711,84.1097,69.64,5857,3,0.9093,0.2602,A,35.5,LOSS,-8,5.25,-11.25,3
2026-03-23,09:42:25,1203,short,6670.0,B,0.4708,3.7525,409.7609,2.39,981,2,0.5055,1.0,B,20.8,WIN,10,10.25,-4.0,6
2026-03-23,09:59:59,1248,long,6677.25,B,0.519,2.0018,134.0382,11.54,1547,3,1.0399,-0.5181,B,27.0,LOSS,-8,8.5,-10.75,5
2026-03-23,10:04:47,1258,long,6666.75,B,1.0086,1.4528,106.613,32.12,3424,1,0.2938,-0.5145,C,14.5,WIN,10,12.25,-3.25,5
2026-03-23,10:30:10,1292,long,6686.25,A,2.1656,0.8126,58.8765,161.58,9513,3,0.8377,-0.8501,A,35.5,LOSS,-8,4.25,-8.75,8
2026-03-23,10:46:34,1308,long,6690.25,B,0.6642,1.8359,103.1791,27.81,2869,2,0.5939,-0.5555,B,20.8,WIN,10,12.5,-6.5,7
2026-03-23,11:05:41,1323,short,6702.5,A,2.173,0.8844,53.7677,133.54,7180,1,0.3469,0.7635,B,23.0,WIN,10,11.25,-1.5,4
2026-03-23,11:46:24,1348,long,6665.0,B,0.4678,1.8134,114.6279,21.77,2496,1,0.2043,-0.9512,C,14.5,LOSS,-8,3.0,-12.25,3
2026-03-23,12:26:44,1393,long,6626.0,A,2.2102,0.8099,57.5598,140.71,8099,1,0.2223,-0.9955,B,23.0,LOSS,-8,0.0,-9.5,1
2026-03-23,12:34:38,1399,long,6633.75,B,0.6579,1.5405,120.7158,21.78,2629,2,0.6649,-0.9096,B,20.8,WIN,10,10.75,-3.75,7
2026-03-23,13:25:13,1440,long,6632.75,B,0.3951,1.8368,74.6993,14.15,1057,2,0.5594,-0.5594,B,20.8,WIN,10,16.75,-0.75,3
2026-03-23,13:35:05,1449,short,6656.25,B,0.5043,4.3901,255.1939,5.86,1495,1,0.2658,0.9834,C,14.5,WIN,10,11.0,-3.5,3
2026-03-23,13:36:35,1451,short,6654.75,A,2.2848,0.9928,67.8935,97.95,6650,1,0.2462,0.9703,B,23.0,WIN,10,13.0,-1.25,3
2026-03-23,15:21:34,1494,long,6650.0,A,2.1213,0.264,32.6866,296.08,9678,1,0.302,-0.8999,B,23.0,LOSS,-8,6.75,-20.5,4
2026-03-24,09:30:02,317,short,6589.25,B,0.8491,11.284,294.3586,6.28,1849,3,1.1906,0.9492,B,27.0,LOSS,-8,5.25,-11.75,4
2026-03-24,09:31:31,324,long,6596.0,B,0.6641,2.3912,157.5389,13.17,2075,1,0.3951,-0.3068,C,14.5,WIN,10,10.0,-1.25,2
2026-03-24,09:31:56,326,short,6599.75,A,2.5411,1.2709,92.8662,84.7,7866,1,0.3453,0.8159,B,23.0,WIN,10,11.75,-6.25,8
2026-03-24,10:02:55,370,short,6598.75,A,2.0404,0.8677,72.6193,120.6,8758,1,0.3268,0.9307,B,23.0,LOSS,-8,4.0,-11.5,3
2026-03-24,10:27:47,398,short,6609.0,B,0.2504,1.7665,157.1224,9.78,1536,2,0.4412,1.0,B,20.8,WIN,10,10.75,-0.5,2
2026-03-24,10:46:36,418,long,6610.75,B,0.3674,1.4587,100.133,17.97,1799,2,0.4074,-0.3899,B,20.8,LOSS,-8,6.25,-8.0,3
2026-03-24,10:51:57,431,short,6625.0,B,1.1988,3.2703,719.8966,8.01,5765,1,0.2439,0.5296,C,14.5,LOSS,-8,0.75,-9.25,1
2026-03-24,10:59:22,463,long,6601.5,B,0.3761,3.122,1034.3174,1.5,1555,1,0.2462,-0.7708,C,14.5,WIN,10,10.0,-2.0,2
2026-03-24,11:00:11,472,short,6623.75,A,1.5438,0.293,100.4002,49.19,4939,1,0.3285,0.6619,C,14.5,LOSS,-8,2.5,-10.75,8
2026-03-24,11:16:23,486,short,6629.5,A,1.4544,0.1706,49.7883,75.24,3746,2,0.566,1.0,B,20.8,LOSS,-8,0.25,-12.75,3
2026-03-24,11:41:15,497,short,6640.5,A,4.4049,0.2204,34.3377,450.58,15472,1,0.3036,0.9387,A,31.2,WIN,10,13.75,-5.5,3
2026-03-24,11:56:45,503,short,6625.5,B,1.3658,1.6038,130.9944,48.93,6409,3,0.8686,0.2954,B,27.0,LOSS,-8,6.75,-12.5,7
2026-03-24,12:00:00,506,long,6623.25,A,1.5724,1.1007,68.2065,117.07,7985,2,0.6582,-0.9659,B,20.8,WIN,10,14.75,-4.5,5
2026-03-24,13:04:46,544,long,6608.0,B,0.2734,3.1604,145.1561,14.67,2130,1,0.266,-1.0,C,14.5,LOSS,-8,7.5,-9.5,17
2026-03-24,13:06:06,549,long,6606.5,A,1.9307,1.5881,102.8788,105.03,10805,1,0.305,-0.7953,C,14.5,LOSS,-8,9.0,-8.0,14
2026-03-24,13:06:06,549,long,6606.5,C,1.9307,1.5881,102.8788,105.03,10805,1,0.305,-0.7953,C,14.5,LOSS,-8,9.0,-8.0,14
2026-03-24,13:20:39,562,long,6603.5,A,3.4242,0.5133,37.6314,363.79,13690,2,0.448,-0.4252,A+,37.5,WIN,10,12.0,0.0,2
2026-03-24,13:55:29,580,short,6614.25,B,0.7338,7.3945,450.1999,9.3,4185,1,0.3997,0.8759,C,14.5,LOSS,-8,4.0,-8.0,6
2026-03-24,14:20:23,602,short,6617.25,A,1.5565,0.2214,28.4721,294.67,8390,3,0.8542,0.7709,B,27.0,LOSS,-8,0.25,-10.5,3
2026-03-24,15:36:40,643,long,6618.25,A,1.4558,0.5998,33.4226,381.72,12758,2,0.5172,-1.0,B,20.8,LOSS,-8,0.0,-9.5,1
2026-03-25,09:30:01,221,short,6669.0,B,0.5649,10.5366,421.1683,4.68,1969,2,0.4432,0.6278,B,20.8,LOSS,-8,2.25,-9.0,3
2026-03-25,09:32:16,226,short,6673.0,A,2.0678,1.1647,95.0918,75.61,7190,1,0.2602,0.7602,B,23.0,LOSS,-8,0.0,-11.75,1
2026-03-25,09:44:19,237,long,6662.0,A,1.5882,0.8081,84.1919,111.58,9394,2,0.4482,-0.8482,B,20.8,LOSS,-8,0.75,-9.25,1
2026-03-25,10:14:46,275,short,6656.75,A,1.5078,0.6664,77.1843,120.0,9262,1,0.3681,0.9414,C,14.5,WIN,10,10.25,-4.0,5
2026-03-25,10:25:08,284,long,6660.0,B,0.6304,4.0226,429.9464,10.65,4578,2,0.6969,-0.1531,B,20.8,LOSS,-8,3.25,-10.5,3
2026-03-25,10:25:19,285,short,6658.25,B,0.3494,4.2682,507.5326,5.02,2548,1,0.3479,0.8852,C,14.5,LOSS,-8,8.75,-9.0,9
2026-03-25,12:24:59,377,short,6651.5,B,0.2964,36.2708,1885.0,1.0,1885,2,0.5321,0.8364,B,20.8,LOSS,-8,7.5,-8.5,21
2026-03-25,13:44:01,421,short,6661.0,B,0.7177,1.4068,65.3391,87.37,5709,1,0.2279,0.8167,C,14.5,WIN,10,12.5,-1.75,4
2026-03-25,14:28:00,443,long,6648.75,A,1.6017,0.3146,21.0041,769.09,16154,2,0.4749,-0.4749,B,20.8,LOSS,-8,1.25,-14.5,2
2026-03-25,14:55:55,448,long,6636.0,B,0.4318,3.2395,301.1661,14.91,4489,1,0.2181,-0.8791,C,14.5,WIN,10,12.5,-5.5,7
2026-03-25,15:55:45,471,long,6641.75,A,5.5127,1.7947,149.466,251.81,37637,3,0.8594,-1.0,A+,43.8,LOSS,-8,5.5,-20.25,2
2026-03-25,15:55:45,471,long,6641.75,B,5.5127,1.7947,149.466,251.81,37637,3,0.8594,-1.0,A+,43.8,LOSS,-8,5.5,-20.25,2
2026-03-25,15:55:45,471,long,6641.75,C,5.5127,1.7947,149.466,251.81,37637,3,0.8594,-1.0,A+,43.8,LOSS,-8,5.5,-20.25,2
2026-03-26,09:30:04,176,short,6587.25,B,0.4498,23.3007,267.371,5.49,1467,1,0.2937,0.8137,C,14.5,LOSS,-8,7.5,-12.0,8
2026-03-26,09:32:32,181,short,6587.75,A,2.813,2.7632,96.4365,115.49,11137,3,0.8496,0.8496,A,35.5,LOSS,-8,8.0,-11.5,5
2026-03-26,09:32:32,181,short,6587.75,C,2.813,2.7632,96.4365,115.49,11137,3,0.8496,0.8496,A,35.5,LOSS,-8,8.0,-11.5,5
2026-03-26,09:39:43,186,short,6584.75,B,1.0787,2.3628,111.5334,46.64,5202,4,1.5593,0.8623,A,33.2,LOSS,-8,1.75,-14.5,2
2026-03-26,10:40:12,245,long,6618.5,B,0.2741,2.1469,139.8345,12.02,1681,2,0.7313,-0.4813,B,20.8,LOSS,-8,2.25,-15.0,3
2026-03-26,10:56:30,273,short,6595.75,A,2.6341,0.633,89.0894,151.79,13523,2,0.648,0.2932,A,29.2,WIN,10,14.5,-6.25,13
2026-03-26,11:05:21,281,short,6600.0,B,0.3732,1.651,218.9292,9.28,2031,1,0.377,0.8315,C,14.5,WIN,10,11.5,-2.0,5
2026-03-26,11:46:49,305,short,6590.5,B,0.1536,7.6454,542.4257,2.55,1385,2,0.4492,0.5896,B,20.8,WIN,10,11.0,-3.25,3
2026-03-26,12:16:05,316,long,6577.25,B,0.2824,2.7177,219.165,13.41,2940,2,0.4638,-0.7515,B,20.8,LOSS,-8,5.0,-12.0,6
2026-03-26,14:04:48,350,short,6541.0,A,1.4172,0.8416,37.4112,375.1,14033,2,0.741,0.2457,B,20.8,WIN,10,12.25,-7.5,6
2026-03-26,15:50:59,369,short,6524.0,B,0.7882,1.5714,61.4221,180.81,11106,4,1.3687,0.7157,A,33.2,LOSS,-8,7.0,-21.75,7
2026-03-26,15:59:38,373,long,6522.5,A,3.0387,39.5448,1761.8844,24.14,42540,1,0.215,-1.0,A,31.2,WIN,10,23.25,-5.5,5
2026-03-26,15:59:38,373,long,6522.5,B,3.0387,39.5448,1761.8844,24.14,42540,1,0.215,-1.0,A,31.2,WIN,10,23.25,-5.5,5
2026-03-26,15:59:38,373,long,6522.5,C,3.0387,39.5448,1761.8844,24.14,42540,1,0.215,-1.0,A,31.2,WIN,10,23.25,-5.5,5
2026-03-27,09:30:02,169,long,6495.25,B,1.0108,37.0465,562.8937,5.11,2879,3,0.9855,-1.0,B,27.0,LOSS,-8,0.0,-17.25,2
2026-03-27,09:30:25,171,long,6487.5,A,1.6597,3.1153,133.8165,35.83,4794,3,1.122,-0.9626,B,27.0,LOSS,-8,0.5,-9.5,1
2026-03-27,09:30:25,171,long,6487.5,C,1.6597,3.1153,133.8165,35.83,4794,3,1.122,-0.9626,B,27.0,LOSS,-8,0.5,-9.5,1
2026-03-27,09:37:51,182,long,6478.75,B,0.4548,1.4365,123.5615,19.93,2462,1,0.2938,-0.8627,C,14.5,WIN,10,14.75,-4.75,7
2026-03-27,10:47:43,256,short,6465.5,B,0.5864,1.9853,133.0695,31.19,4150,3,0.8617,0.8266,B,27.0,LOSS,-8,3.5,-8.75,2
2026-03-27,11:23:14,281,short,6468.75,B,0.3809,1.6583,101.5993,25.53,2594,3,0.8907,0.6141,B,27.0,LOSS,-8,0.0,-15.0,2
2026-03-27,11:32:52,296,short,6483.5,A,1.6493,0.4144,65.6249,200.98,13189,2,0.4389,0.6651,B,20.8,WIN,10,13.5,-6.75,4
2026-03-27,13:06:55,335,short,6459.25,B,0.2458,29.2965,1238.6561,1.95,2416,2,0.6199,0.9012,B,20.8,LOSS,-8,1.25,-8.75,1
2026-03-27,15:41:27,381,short,6406.25,B,1.1323,1.4926,74.5771,248.6,18540,4,1.3848,0.5999,A,33.2,LOSS,-8,6.75,-9.75,5
2026-03-27,15:59:01,393,short,6414.25,A,2.5306,7.472,653.5274,43.73,28579,1,0.3528,0.7578,B,23.0,WIN,10,14.0,-0.25,2
2026-03-27,15:59:01,393,short,6414.25,B,2.5306,7.472,653.5274,43.73,28579,1,0.3528,0.7578,B,23.0,WIN,10,14.0,-0.25,2
2026-03-27,15:59:01,393,short,6414.25,C,2.5306,7.472,653.5274,43.73,28579,1,0.3528,0.7578,B,23.0,WIN,10,14.0,-0.25,2
2026-03-27,15:59:45,394,long,6409.5,A,2.31,18.6025,2204.0025,13.14,28953,2,0.6243,-0.2066,A,29.2,LOSS,-8,0.75,-9.25,1
2026-03-27,15:59:45,394,long,6409.5,B,2.31,18.6025,2204.0025,13.14,28953,2,0.6243,-0.2066,A,29.2,LOSS,-8,0.75,-9.25,1
2026-03-27,15:59:45,394,long,6409.5,C,2.31,18.6025,2204.0025,13.14,28953,2,0.6243,-0.2066,A,29.2,LOSS,-8,0.75,-9.25,1
