date,bar_idx,direction,is_multi,et_end,entry_price,delta,volume,body_ratio,vol_ratio,mfe,mae,bars_to_mfe,sl8_tp10,sl8_tp10_pnl,paradigm,lis_val,lis_dist,dd_dir,svb_val,paradigm_aligned,dd_aligned,charm_aligned
2026-03-02,330,bearish,False,09:40:09,6839.0,666,3860,0.35,1.0116629537413182,4.0,19.0,3.0,LOSS,-8.0,BofA-LIS,6815.0,24.0,neutral,2.07,False,False,False
2026-03-02,343,bearish,True,09:46:11,6847.75,1464,8630,0.2,1.7523873911941181,4.75,16.0,9.0,LOSS,-8.0,BofA-LIS,6818.0,29.75,neutral,2.2,False,False,False
2026-03-02,357,bullish,False,09:55:28,6852.5,-379,7067,0.6,2.1395377000045412,25.0,8.75,29.0,LOSS,-8.0,SIDIAL-MESSY,6809.0,43.5,neutral,1.76,False,False,False
2026-03-02,383,bullish,False,10:09:06,6867.0,-555,4843,0.35,1.6212506695232995,10.75,18.75,7.0,WIN,10.0,GEX-PURE,6803.0,64.0,neutral,1.52,True,False,False
2026-03-02,390,bearish,True,10:17:59,6872.75,911,11519,0.3103448275862069,1.2184805419335196,24.5,1.75,22.0,WIN,10.0,GEX-PURE,6801.0,71.75,neutral,1.43,False,False,True
2026-03-02,400,bearish,True,10:25:48,6863.75,670,6800,0.2692307692307692,0.39219714443126746,15.5,9.0,12.0,WIN,10.0,GEX-TARGET,6799.0,64.75,neutral,1.5,False,False,True
2026-03-02,404,bullish,False,10:30:09,6859.75,-306,3272,0.6,0.6532307170165405,21.0,11.5,29.0,LOSS,-8.0,GEX-TARGET,6797.0,62.75,neutral,1.56,True,False,False
2026-03-02,433,bearish,False,11:11:36,6880.75,304,9708,0.35,2.0856562792046667,27.5,13.75,12.0,WIN,10.0,GEX-PURE,6853.0,27.75,neutral,1.28,False,False,True
2026-03-02,436,bullish,True,11:18:41,6876.0,-1207,8639,0.045454545454545456,0.157727225784646,18.5,22.75,20.0,LOSS,-8.0,GEX-PURE,6853.0,23.0,neutral,1.28,True,False,False
2026-03-02,446,bearish,True,11:34:22,6858.25,677,9357,0.35,0.6870530673692133,1.0,38.25,1.0,LOSS,-8.0,GEX-LIS,6843.0,15.25,neutral,1.82,False,False,True
2026-03-02,448,bullish,False,11:35:56,6864.25,-950,8026,0.4,1.5721225417221656,33.5,0.5,30.0,WIN,10.0,GEX-LIS,6840.0,24.25,neutral,1.82,True,False,False
2026-03-02,468,bearish,False,12:24:27,6896.5,965,15693,0.35,2.5801731295676693,20.5,4.0,25.0,WIN,10.0,GEX-PURE,6857.0,39.5,neutral,1.15,False,False,True
2026-03-02,471,bullish,True,12:32:20,6891.5,-725,10827,0.0,0.24727634374576193,15.25,15.5,29.0,LOSS,-8.0,GEX-PURE,6860.0,31.5,neutral,1.22,True,False,False
2026-03-02,480,bearish,False,13:10:00,6893.75,457,14233,0.55,2.5833560214175515,17.75,17.5,13.0,WIN,10.0,GEX-PURE,6866.0,27.75,neutral,1.17,False,False,True
2026-03-02,501,bullish,False,14:27:34,6904.5,-371,5965,0.55,0.8749156619437355,6.75,31.75,3.0,LOSS,-8.0,GEX-LIS,6838.0,66.5,neutral,1.07,True,False,False
2026-03-02,517,bullish,False,15:14:24,6877.5,-601,4883,0.25,0.6063541142796829,13.75,4.75,29.0,WIN,10.0,GEX-LIS,6773.0,104.5,neutral,1.5,True,False,True
2026-03-02,531,bullish,False,15:23:03,6880.5,-319,6053,0.4,1.5528675329339783,16.75,3.25,22.0,WIN,10.0,GEX-LIS,6765.0,115.5,neutral,1.45,True,False,True
2026-03-02,541,bullish,True,15:39:50,6883.75,-764,12884,0.12121212121212122,1.9691252144082332,13.5,4.0,12.0,WIN,10.0,BOFA-PURE,6760.0,123.75,neutral,1.69,False,False,True
2026-03-03,347,bearish,True,09:36:59,6784.0,876,5104,0.35294117647058826,1.0028090343741374,32.0,10.0,21.0,LOSS,-8.0,AG-PURE,6822.0,38.0,neutral,3.05,True,False,False
2026-03-03,365,bearish,True,09:44:26,6759.75,933,7283,0.2727272727272727,2.0693076323435617,15.0,11.0,18.0,LOSS,-8.0,BofA-LIS,6764.0,4.25,neutral,2.54,False,False,False
2026-03-03,404,bearish,False,09:58:39,6742.25,393,3587,0.75,1.5571279736065289,3.75,19.75,21.0,LOSS,-8.0,AG-PURE,6772.0,29.75,neutral,3.57,True,False,False
2026-03-03,416,bullish,False,10:02:44,6744.75,-440,3666,0.4,1.3757129990993695,13.75,6.25,30.0,WIN,10.0,AG-PURE,6771.0,26.25,neutral,3.77,False,False,True
2026-03-03,428,bearish,True,10:06:32,6750.0,642,3076,0.3103448275862069,0.6500783614933769,13.25,8.5,30.0,WIN,10.0,AG-PURE,6774.0,24.0,neutral,3.77,True,False,False
2026-03-03,439,bearish,False,10:10:42,6744.0,635,4061,0.2,2.0041454868479494,23.0,14.5,26.0,LOSS,-8.0,AG-PURE,6774.0,30.0,neutral,3.86,True,False,False
2026-03-03,463,bearish,False,10:22:12,6724.75,658,7642,0.75,3.0709879643955076,6.0,19.75,10.0,LOSS,-8.0,AG-PURE,6747.0,22.25,neutral,3.66,True,False,False
2026-03-03,473,bullish,False,10:27:52,6723.75,-776,9634,0.6,2.914183732115309,23.75,5.0,29.0,WIN,10.0,AG-PURE,6746.0,22.25,neutral,4.87,False,False,True
2026-03-03,488,bearish,False,10:35:07,6735.75,339,3753,0.25,1.1603209200946065,5.25,11.75,3.0,LOSS,-8.0,AG-PURE,6716.0,19.75,neutral,5.1,True,False,False
2026-03-03,514,bearish,True,10:45:52,6736.0,617,3521,0.08,1.0918610185625892,10.25,8.25,15.0,LOSS,-8.0,AG-PURE,6734.0,2.0,neutral,4.18,True,False,False
2026-03-03,547,bearish,False,11:00:34,6745.0,347,5857,0.25,3.0028967674126483,5.25,39.75,4.0,LOSS,-8.0,AG-TARGET,6729.0,16.0,neutral,4.51,True,False,False
2026-03-03,566,bearish,False,11:13:43,6771.25,327,5429,0.25,1.4412190233478013,2.25,17.5,25.0,LOSS,-8.0,BofA-LIS,6748.0,23.25,neutral,3.24,False,False,False
2026-03-03,569,bullish,False,11:17:26,6780.75,-1363,10495,0.6,2.545044498872372,8.0,11.75,13.0,LOSS,-8.0,BofA-LIS,6748.0,32.75,neutral,3.24,False,False,True
2026-03-03,582,bullish,False,11:26:40,6783.75,-348,9058,0.3,2.1594945762307782,21.0,14.75,30.0,LOSS,-8.0,BofA-LIS,6749.0,34.75,neutral,2.96,False,False,True
2026-03-03,613,bearish,False,11:47:27,6802.75,424,6510,0.4,2.028606151257362,14.0,3.5,29.0,WIN,10.0,BofA-LIS,6743.0,59.75,neutral,2.66,False,False,False
2026-03-03,624,bearish,True,11:55:24,6799.75,975,8369,0.07692307692307693,0.48318449847553896,13.25,6.5,21.0,WIN,10.0,BofA-LIS,6738.0,61.75,neutral,2.12,False,False,False
2026-03-03,658,bullish,False,12:28:26,6805.5,-376,5526,0.5,2.0850076405003115,6.75,21.75,30.0,LOSS,-8.0,BofA-LIS,6753.0,52.5,neutral,1.93,False,False,True
2026-03-03,674,bullish,False,12:46:45,6802.25,-687,12725,0.25,4.004783710207871,29.0,10.5,30.0,LOSS,-8.0,BofA-LIS,6752.0,50.25,neutral,2.28,False,False,True
2026-03-03,676,bearish,False,12:52:35,6802.75,398,7580,0.45,1.9470595034741398,11.0,29.25,4.0,WIN,10.0,BofA-LIS,6758.0,44.75,neutral,1.83,False,False,False
2026-03-03,686,bearish,True,13:06:06,6809.0,717,10837,0.0,1.8094753792694298,9.75,33.25,6.0,LOSS,-8.0,BofA-LIS,6754.0,55.0,neutral,2.04,False,False,False
2026-03-03,699,bullish,False,13:26:47,6825.0,-2118,12974,0.2,3.3485178924004075,17.75,5.0,19.0,WIN,10.0,Undefined,,,neutral,1.55,False,False,True
2026-03-03,710,bullish,True,13:42:43,6837.25,-1224,16256,0.22580645161290322,1.4776434859335563,5.5,17.25,8.0,LOSS,-8.0,SIDIAL-EXTREME,6815.0,22.25,neutral,1.23,False,False,True
2026-03-03,718,bearish,False,13:53:55,6837.75,397,8259,0.6,1.5129005962575905,21.75,3.0,24.0,WIN,10.0,BOFA-PURE,6825.0,12.75,neutral,1.0,False,False,False
2026-03-03,733,bearish,False,14:22:19,6833.5,417,5399,0.2,1.1039206665644328,17.5,15.0,9.0,WIN,10.0,BOFA-PURE,6817.0,16.5,neutral,1.03,False,False,False
2026-03-03,759,bearish,True,14:43:06,6839.25,871,8349,0.2857142857142857,0.8217405370430282,14.25,10.5,29.0,LOSS,-8.0,BOFA-PURE,6806.0,33.25,neutral,1.08,False,False,False
2026-03-03,767,bullish,False,14:50:48,6846.0,-400,7520,0.25,2.392808845756105,1.75,21.25,1.0,LOSS,-8.0,BOFA-PURE,6807.0,39.0,neutral,0.63,False,False,False
2026-03-03,781,bearish,False,15:05:04,6833.0,719,5845,0.4,1.7847873217502823,17.25,8.25,30.0,LOSS,-8.0,BOFA-PURE,6811.0,22.0,neutral,0.79,False,False,True
2026-03-03,790,bullish,False,15:22:25,6828.5,-701,6137,0.3,1.6935494998275267,10.0,13.25,9.0,WIN,10.0,BOFA-PURE,6812.0,16.5,neutral,1.17,False,False,True
2026-03-03,804,bullish,False,15:45:04,6830.25,-368,7548,0.65,2.0862066582827765,1.0,15.0,1.0,LOSS,-8.0,BOFA-PURE,6815.0,15.25,neutral,1.22,False,False,False
2026-03-04,395,bearish,False,09:43:36,6828.5,402,4528,0.15,1.809173725427521,10.75,11.5,4.0,WIN,10.0,SIDIAL-MESSY,6789.0,39.5,neutral,-0.69,False,False,False
2026-03-04,415,bullish,False,09:51:08,6829.75,-337,3295,0.65,1.9016015005049776,19.5,3.25,18.0,WIN,10.0,SIDIAL-MESSY,6784.0,45.75,neutral,-0.66,False,False,True
2026-03-04,419,bearish,False,09:54:22,6834.75,316,3422,0.6,2.0198323692598277,5.0,21.25,5.0,LOSS,-8.0,SIDIAL-MESSY,6820.0,14.75,neutral,-0.85,False,False,False
2026-03-04,434,bearish,False,10:02:11,6842.5,429,6603,0.35,3.8366113709653993,11.5,43.75,5.0,WIN,10.0,SIDIAL-MESSY,6814.0,28.5,neutral,-1.09,False,False,False
2026-03-04,449,bullish,False,10:11:19,6851.0,-306,9420,0.15,5.737080909893724,35.25,3.75,14.0,WIN,10.0,SIDIAL-MESSY,6802.0,49.0,neutral,-1.09,False,False,True
2026-03-04,452,bearish,False,10:14:21,6855.25,520,5774,0.4,2.486114101184069,4.5,31.0,1.0,LOSS,-8.0,SIDIAL-MESSY,6802.0,53.25,neutral,-1.67,False,False,False
2026-03-04,463,bearish,True,10:30:54,6881.25,823,23829,0.3,4.312190375088464,20.0,8.5,9.0,WIN,10.0,GEX-TARGET,6854.0,27.25,neutral,-2.44,False,False,True
2026-03-04,464,bullish,False,10:33:23,6879.75,-528,8476,0.3,1.5460100319197447,10.0,18.5,21.0,LOSS,-8.0,GEX-TARGET,6854.0,25.75,neutral,-2.45,True,False,False
2026-03-04,474,bearish,False,10:49:42,6868.75,435,7317,0.3,1.0699558389143977,5.75,21.0,4.0,LOSS,-8.0,SIDIAL-MESSY,6782.0,86.75,neutral,-2.12,False,False,False
2026-03-04,484,bullish,False,11:03:18,6889.5,-325,6703,0.5,1.2359063712881784,0.25,25.25,1.0,LOSS,-8.0,SIDIAL-MESSY,6857.0,32.5,neutral,-2.49,False,False,False
2026-03-04,492,bearish,True,11:16:02,6870.75,830,16720,0.2413793103448276,2.709963130463846,6.5,16.25,5.0,LOSS,-8.0,GEX-TARGET,6853.0,17.75,neutral,-2.32,False,False,False
2026-03-04,502,bearish,False,11:33:03,6878.75,658,5164,0.4,0.918493485704122,10.25,9.5,21.0,LOSS,-8.0,GEX-TARGET,6855.0,23.75,neutral,-2.14,False,False,True
2026-03-04,512,bullish,False,11:50:25,6880.25,-301,5363,0.35,1.05604127284184,12.5,11.75,30.0,LOSS,-8.0,GEX-TARGET,6845.0,35.25,neutral,-2.35,True,False,False
2026-03-04,531,bullish,True,12:58:57,6886.75,-612,6562,0.0,0.5533968066886429,7.25,11.0,14.0,LOSS,-8.0,GEX-TARGET,6858.0,28.75,neutral,-2.25,True,False,False
2026-03-04,540,bearish,True,13:56:19,6886.75,621,10511,0.125,1.813351397694677,11.0,7.25,18.0,WIN,10.0,GEX-PURE,6857.0,29.75,neutral,-2.39,False,False,True
2026-03-04,542,bullish,False,14:26:40,6887.75,-890,30372,0.4,5.906938299217193,6.25,12.0,3.0,LOSS,-8.0,GEX-PURE,6872.0,15.75,neutral,-2.47,True,False,False
2026-03-04,555,bullish,True,15:53:00,6881.0,-1719,21049,0.14285714285714285,1.658178190851629,3.25,5.25,2.0,EXPIRED,-5.25,BOFA-PURE,6873.0,8.0,neutral,-1.99,False,False,True
2026-03-05,271,bearish,False,09:57:05,6862.25,787,7641,0.35,2.640107801810518,29.25,15.25,30.0,LOSS,-8.0,AG-PURE,6878.0,15.75,neutral,0.3,True,False,False
2026-03-05,290,bearish,False,10:15:23,6860.75,536,5862,0.15,1.4144728904760755,46.5,3.0,21.0,WIN,10.0,AG-LIS,6852.0,8.75,neutral,0.43,True,False,True
2026-03-05,311,bearish,True,10:32:31,6819.25,1019,10277,0.36363636363636365,0.7234502642960116,2.25,28.25,1.0,LOSS,-8.0,SIDIAL-EXTREME,6791.0,28.25,neutral,1.22,False,False,True
2026-03-05,344,bullish,False,11:06:03,6828.0,-421,4441,0.4,1.230466585392885,3.0,17.0,1.0,LOSS,-8.0,SIDIAL-EXTREME,6832.0,4.0,neutral,0.72,False,False,False
2026-03-05,347,bearish,False,11:10:20,6820.25,369,8247,0.75,2.336558484792679,9.25,10.75,9.0,LOSS,-8.0,SIDIAL-EXTREME,6795.0,25.25,neutral,0.97,False,False,True
2026-03-05,357,bearish,True,11:18:46,6816.0,1592,8852,0.1,0.6377944413707048,4.0,17.5,2.0,LOSS,-8.0,BofA-LIS,6795.0,21.0,neutral,1.42,False,False,True
2026-03-05,406,bullish,False,12:15:07,6824.0,-375,3875,0.15,1.108377906810446,1.25,33.5,1.0,LOSS,-8.0,SIDIAL-EXTREME,6819.0,5.0,neutral,1.18,False,False,False
2026-03-05,425,bearish,False,12:37:01,6792.5,425,6627,0.2,1.7056158954033047,11.5,15.0,21.0,LOSS,-8.0,BofA-LIS,6800.0,7.5,neutral,1.81,False,False,True
2026-03-05,493,bearish,False,13:54:09,6785.75,524,6510,0.2,2.5293340585904107,8.75,13.5,27.0,LOSS,-8.0,BOFA-PURE,6746.0,39.75,neutral,2.64,False,False,False
2026-03-05,504,bearish,False,14:12:24,6788.0,411,9771,0.3,3.292060443725678,11.0,11.25,16.0,LOSS,-8.0,BOFA-PURE,6749.0,39.0,neutral,2.63,False,False,False
2026-03-05,531,bullish,False,14:54:12,6795.0,-554,5390,0.3,1.508261861122382,21.25,10.25,29.0,LOSS,-8.0,BOFA-PURE,6755.0,40.0,neutral,2.9,False,False,True
2026-03-05,538,bearish,True,15:04:40,6792.75,974,6162,0.36363636363636365,0.6633742809678257,4.0,33.5,6.0,LOSS,-8.0,BOFA-PURE,6751.0,41.75,neutral,2.89,False,False,False
2026-03-05,558,bearish,False,15:18:21,6812.0,418,3276,0.4,0.9707961061474862,2.0,23.75,3.0,LOSS,-8.0,AG-LIS,6812.0,0.0,neutral,,True,False,True
2026-03-05,561,bullish,True,15:21:30,6815.0,-729,8673,0.08,0.7766146660692708,20.75,1.75,24.0,WIN,10.0,AG-LIS,6813.0,2.0,neutral,2.26,False,False,False
2026-03-05,577,bearish,False,15:48:17,6820.5,501,6083,0.35,1.2202485431440004,0.5,15.25,1.0,LOSS,-8.0,AG-LIS,6819.0,1.5,neutral,1.69,True,False,True
2026-03-06,301,bearish,False,09:40:44,6731.5,312,3240,0.4,1.13079137946078,13.75,8.75,26.0,LOSS,-8.0,SIDIAL-MESSY,6677.0,54.5,neutral,2.88,False,False,True
2026-03-06,314,bearish,True,09:43:44,6735.25,741,4635,0.2727272727272727,1.3184236115083223,17.5,4.5,13.0,WIN,10.0,SIDIAL-MESSY,6693.0,42.25,neutral,3.28,False,False,True
2026-03-06,383,bullish,False,10:10:55,6726.25,-322,6584,0.3,3.9867994792455113,42.75,0.25,29.0,WIN,10.0,SIDIAL-MESSY,6719.0,7.25,neutral,1.81,False,False,False
2026-03-06,412,bearish,False,10:32:04,6764.0,506,4740,0.3,1.3726001216227954,21.0,14.0,20.0,LOSS,-8.0,SIDIAL-MESSY,6731.0,33.0,neutral,1.4,False,False,True
2026-03-06,422,bullish,False,10:42:03,6764.5,-455,5097,0.3,1.4091009620701096,14.25,21.5,26.0,LOSS,-8.0,SIDIAL-MESSY,6727.0,37.5,neutral,1.23,False,False,False
2026-03-06,445,bearish,False,11:02:09,6769.5,379,4105,0.2,1.1075735909127702,16.75,9.25,30.0,LOSS,-8.0,SIDIAL-MESSY,6732.0,37.5,neutral,1.31,False,False,True
2026-03-06,455,bullish,True,11:16:01,6763.25,-755,12865,0.07692307692307693,1.3368946566166497,8.0,10.5,27.0,LOSS,-8.0,SIDIAL-MESSY,6749.0,14.25,neutral,1.23,False,False,False
2026-03-06,457,bearish,True,11:16:35,6764.5,1243,3963,0.2,0.3281219336691306,11.75,11.25,18.0,WIN,10.0,SIDIAL-MESSY,6749.0,15.5,neutral,1.23,False,False,True
2026-03-06,471,bullish,False,11:31:40,6761.25,-476,4404,0.3,1.4038219402961285,17.75,8.5,19.0,LOSS,-8.0,AG-TARGET,6770.0,8.75,neutral,1.3,False,False,False
2026-03-06,487,bearish,False,11:47:40,6770.75,362,5610,0.25,1.9813169930600931,17.75,8.25,28.0,LOSS,-8.0,AG-TARGET,6770.0,0.75,neutral,1.09,True,False,True
2026-03-06,570,bearish,False,13:21:16,6774.75,307,9495,0.25,3.2947585752207784,19.25,3.25,25.0,WIN,10.0,BofA-LIS,6720.0,54.75,neutral,1.4,False,False,True
2026-03-06,587,bullish,True,13:38:22,6763.5,-756,4946,0.13043478260869565,0.9762975655029628,9.5,8.0,18.0,LOSS,-8.0,BofA-LIS,6714.0,49.5,neutral,1.89,False,False,False
2026-03-06,598,bullish,True,14:04:10,6758.0,-648,16094,0.1,4.430652043587122,17.25,1.5,25.0,WIN,10.0,BofA-LIS,6718.0,40.0,neutral,2.31,False,False,False
2026-03-06,633,bullish,False,15:07:03,6772.0,-581,8481,0.35,2.3022422498506976,2.5,42.75,1.0,LOSS,-8.0,BofA-LIS,6767.0,5.0,neutral,1.86,False,False,False
2026-03-06,653,bullish,False,15:34:28,6740.25,-307,10461,0.2,2.4698091156992596,12.25,11.0,13.0,LOSS,-8.0,BOFA-PURE,6724.0,16.25,neutral,3.33,False,False,False
2026-03-09,545,bullish,False,09:43:37,6659.0,-378,9746,0.2,4.547087503207596,8.0,14.75,11.0,LOSS,-8.0,BOFA-PURE,6653.0,6.0,neutral,0.75,False,False,True
2026-03-09,573,bullish,False,09:54:14,6649.25,-448,3110,0.5,1.3473702452127199,27.75,5.0,29.0,WIN,10.0,BofA-LIS,6524.0,125.25,neutral,1.0,False,False,True
2026-03-09,602,bearish,False,10:05:11,6672.0,476,3874,0.6,2.126935324475678,31.0,1.75,20.0,WIN,10.0,BofA-LIS,6645.0,27.0,neutral,0.51,False,False,False
2026-03-09,612,bullish,True,10:07:20,6649.5,-640,7224,0.06666666666666667,3.58118102173171,10.0,8.5,30.0,LOSS,-8.0,BofA-LIS,6643.0,6.5,neutral,0.51,False,False,True
2026-03-09,616,bearish,True,10:09:16,6651.0,969,7007,0.09523809523809523,1.5874979186984133,10.0,8.5,6.0,WIN,10.0,GEX-LIS,6643.0,8.0,neutral,0.03,False,False,False
2026-03-09,631,bearish,True,10:16:53,6652.25,1447,3141,0.16129032258064516,0.6650658810710467,4.75,22.5,16.0,LOSS,-8.0,BofA-LIS,6641.0,11.25,neutral,0.89,False,False,False
2026-03-09,695,bearish,False,10:52:51,6698.0,978,3810,0.25,1.1631634382012181,9.0,19.25,4.0,LOSS,-8.0,GEX-LIS,6633.0,65.0,neutral,-1.26,False,False,True
2026-03-09,707,bearish,False,11:04:16,6699.5,1103,4505,0.4,1.160125669550886,3.75,17.75,4.0,LOSS,-8.0,GEX-LIS,6631.0,68.5,neutral,-1.3,False,False,True
2026-03-09,729,bullish,True,11:38:23,6707.75,-1326,14872,0.045454545454545456,1.5352855876903246,26.5,6.25,26.0,WIN,10.0,BOFA-PURE,6686.0,21.75,neutral,-1.88,False,False,False
2026-03-09,739,bearish,False,11:59:01,6712.0,1865,14371,0.35,2.652944434188665,2.5,29.0,1.0,LOSS,-8.0,BOFA-PURE,6691.0,21.0,neutral,-2.01,False,False,True
2026-03-09,740,bullish,False,12:03:30,6714.5,-899,11175,0.5,1.8572223930331309,26.5,4.25,26.0,WIN,10.0,BOFA-PURE,6691.0,23.5,neutral,-2.22,False,False,False
2026-03-09,784,bullish,True,13:42:19,6704.5,-1425,11643,0.2916666666666667,0.7912955959497376,26.75,5.75,20.0,WIN,10.0,BOFA-PURE,6692.0,12.5,neutral,-2.05,False,False,False
2026-03-09,793,bearish,False,14:08:03,6711.0,344,6136,0.25,1.0343025705857565,3.5,26.75,1.0,LOSS,-8.0,BOFA-PURE,6693.0,18.0,neutral,-2.06,False,False,True
2026-03-09,804,bearish,False,14:37:37,6726.25,674,11998,0.35,2.228889363638897,9.25,39.0,9.0,LOSS,-8.0,BOFA-PURE,6702.0,24.25,neutral,-2.73,False,False,False
2026-03-09,815,bearish,False,15:17:03,6726.25,472,8950,0.15,1.5675353790107887,2.0,46.0,5.0,LOSS,-8.0,BOFA-PURE,6698.0,28.25,neutral,-2.4,False,False,False
2026-03-09,834,bullish,True,15:20:49,6760.25,-1117,7753,0.043478260869565216,1.2540773127906168,27.75,0.5,30.0,WIN,10.0,BOFA-PURE,6698.0,62.25,neutral,-2.45,False,False,True
2026-03-09,847,bearish,True,15:24:01,6771.0,840,8280,0.20833333333333334,2.3351149021936695,6.5,30.75,3.0,LOSS,-8.0,BOFA-PURE,6748.0,23.0,neutral,-2.84,False,False,True
2026-03-09,865,bearish,True,15:28:59,6786.0,775,4991,0.3125,0.6943436580987663,8.5,32.5,7.0,LOSS,-8.0,AG-LIS,6820.0,34.0,neutral,-3.23,True,False,True
2026-03-09,920,bullish,False,15:46:45,6797.0,-421,3441,0.35,1.6718085752459613,9.5,10.5,22.0,LOSS,-8.0,AG-LIS,6908.0,111.0,neutral,-3.68,False,False,False
2026-03-10,319,bearish,False,10:13:08,6769.5,357,3237,0.25,1.2874614696231481,4.0,52.0,3.0,LOSS,-8.0,SIDIAL-MESSY,6758.0,11.5,neutral,-0.8,False,False,False
2026-03-10,338,bearish,False,10:31:46,6797.25,510,6000,0.6,1.788428865241885,0.25,38.75,1.0,LOSS,-8.0,GEX-TARGET,6784.0,13.25,neutral,-1.35,False,False,True
2026-03-10,343,bullish,False,10:39:36,6812.0,-452,14658,0.65,3.9202995453329765,24.0,1.25,24.0,WIN,10.0,GEX-PURE,6779.0,33.0,neutral,-1.73,True,False,False
2026-03-10,354,bullish,False,11:05:13,6830.0,-649,17089,0.4,2.6834477018984657,6.0,13.5,13.0,LOSS,-8.0,GEX-PURE,6822.0,8.0,neutral,-2.23,True,False,False
2026-03-10,361,bearish,True,11:21:23,6829.0,903,12303,0.045454545454545456,0.3970455731019112,12.5,7.0,16.0,WIN,10.0,BofA-LIS,6815.0,14.0,neutral,-1.99,False,False,True
2026-03-10,368,bullish,False,11:47:01,6829.25,-362,4878,0.35,0.5803619231181069,12.5,12.75,30.0,LOSS,-8.0,BofA-LIS,6818.0,11.25,neutral,-2.05,False,False,False
2026-03-10,378,bullish,True,12:12:35,6821.25,-662,3792,0.05128205128205128,0.1589773147630395,30.75,2.75,28.0,WIN,10.0,GEX-PURE,6812.0,9.25,neutral,-1.79,True,False,False
2026-03-10,386,bearish,False,12:28:41,6827.25,787,8521,0.05,1.8983858929943969,5.25,24.75,2.0,LOSS,-8.0,BOFA-PURE,6815.0,12.25,neutral,-2.01,False,False,True
2026-03-10,392,bullish,True,12:49:14,6829.0,-608,8344,0.11538461538461539,1.2582980686307934,23.0,4.5,14.0,WIN,10.0,BOFA-PURE,6818.0,11.0,neutral,-2.14,False,False,False
2026-03-10,405,bullish,False,13:27:29,6848.75,-527,9385,0.5,1.4271485162065374,3.25,45.75,1.0,LOSS,-8.0,BOFA-PURE,6808.0,40.75,neutral,-2.43,False,False,False
2026-03-10,423,bullish,False,13:58:20,6841.0,-334,5034,0.45,0.700718953793473,1.0,47.25,1.0,LOSS,-8.0,BOFA-PURE,6806.0,35.0,neutral,-2.21,False,False,False
2026-03-10,519,bullish,False,15:17:47,6809.75,-305,5203,0.15,2.0991265406572124,3.25,26.25,1.0,LOSS,-8.0,GEX-LIS,6746.0,63.75,neutral,-1.08,True,False,True
2026-03-10,529,bullish,False,15:27:40,6797.0,-335,6151,0.2,2.053036498055773,3.75,17.0,16.0,LOSS,-8.0,GEX-LIS,6739.0,58.0,neutral,-0.98,True,False,True
2026-03-10,533,bearish,True,15:31:58,6788.75,821,7361,0.037037037037037035,0.4763782854889146,9.0,12.0,29.0,LOSS,-8.0,GEX-LIS,6743.0,45.75,neutral,-0.98,False,False,False
2026-03-10,559,bearish,True,15:54:17,6782.5,742,9806,0.14814814814814814,3.108694458175427,2.75,6.75,3.0,EXPIRED,-4.75,GEX-LIS,6744.0,38.5,neutral,0.09,False,False,False
2026-03-11,212,bearish,True,09:59:04,6793.75,901,3679,0.3235294117647059,0.5587678861680301,4.75,24.25,30.0,LOSS,-8.0,SIDIAL-EXTREME,6766.0,27.75,neutral,0.14,False,False,True
2026-03-11,237,bullish,False,10:08:51,6795.75,-440,3558,0.55,1.2013370699260562,4.0,27.25,2.0,LOSS,-8.0,SIDIAL-EXTREME,6745.0,50.75,neutral,-0.3,False,False,False
2026-03-11,261,bullish,False,10:24:59,6778.0,-583,5365,0.35,2.0046332623397976,18.0,9.5,29.0,LOSS,-8.0,SIDIAL-EXTREME,6739.0,39.0,neutral,-0.22,False,False,False
2026-03-11,279,bearish,True,10:39:12,6783.5,721,7751,0.2,1.0520396126519078,14.0,20.0,30.0,LOSS,-8.0,AG-TARGET,6773.0,10.5,neutral,0.46,True,False,True
2026-03-11,283,bullish,False,10:44:05,6791.75,-377,3989,0.25,1.0383829443844281,11.75,23.75,11.0,WIN,10.0,SIDIAL-EXTREME,6735.0,56.75,neutral,-0.06,False,False,False
2026-03-11,317,bullish,False,11:22:39,6769.5,-454,4522,0.25,1.164533491282738,12.5,17.75,3.0,WIN,10.0,SIDIAL-EXTREME,6758.0,11.5,neutral,0.02,False,False,True
2026-03-11,334,bullish,False,11:44:08,6761.25,-326,5618,0.4,1.241066990666593,14.75,9.75,29.0,LOSS,-8.0,AG-LIS,6763.0,1.75,neutral,0.25,False,False,True
2026-03-11,346,bearish,True,12:07:13,6756.75,689,12655,0.07407407407407407,1.579599219466992,5.25,25.5,2.0,LOSS,-8.0,AG-PURE,6788.0,31.25,neutral,0.39,True,False,False
2026-03-11,371,bearish,False,12:58:51,6779.0,367,4191,0.3,0.792834036435179,29.25,5.5,21.0,WIN,10.0,AG-PURE,6789.0,10.0,neutral,0.14,True,False,False
2026-03-11,420,bearish,False,14:13:59,6758.5,304,7724,0.3,2.247701082528227,1.75,17.75,1.0,LOSS,-8.0,BOFA-PURE,6728.0,30.5,neutral,0.42,False,False,True
2026-03-11,436,bearish,False,14:53:19,6766.5,352,4602,0.5,0.9577423752094151,6.75,13.5,8.0,LOSS,-8.0,BOFA-PURE,6736.0,30.5,neutral,0.07,False,False,True
2026-03-11,446,bullish,False,15:25:01,6766.0,-333,3207,0.75,0.6444935691318328,14.0,2.0,10.0,WIN,10.0,BOFA-PURE,6747.0,19.0,neutral,0.13,False,False,False
2026-03-11,447,bearish,False,15:31:53,6764.25,419,10207,0.35,2.0340975896531455,0.25,15.75,1.0,LOSS,-8.0,BOFA-PURE,6747.0,17.25,neutral,0.17,False,False,True
2026-03-11,456,bullish,True,15:54:40,6780.0,-1159,15033,0.6756756756756757,1.4321074618688425,,,,,,BOFA-PURE,6758.0,22.0,neutral,-0.2,False,False,True
2026-03-12,191,bearish,True,09:40:17,6727.0,608,9592,0.08695652173913043,0.9692999958718057,30.0,4.0,21.0,WIN,10.0,AG-PURE,6741.0,14.0,neutral,1.28,True,False,False
2026-03-12,206,bearish,False,09:51:47,6718.75,438,4326,0.2,0.9226044488046238,21.75,9.0,6.0,WIN,10.0,AG-PURE,6785.0,66.25,neutral,1.07,True,False,False
2026-03-12,212,bullish,True,09:56:44,6702.0,-640,9152,0.21875,1.293591132411997,25.75,3.0,22.0,WIN,10.0,AG-PURE,6757.0,55.0,neutral,1.55,False,False,True
2026-03-12,222,bearish,False,10:04:19,6719.75,727,3197,0.55,0.7096795675771668,30.25,8.0,30.0,LOSS,-8.0,AG-PURE,6736.0,16.25,neutral,1.65,True,False,False
2026-03-12,232,bearish,True,10:13:14,6722.0,812,8876,0.0,0.7362362199603265,33.75,5.75,21.0,WIN,10.0,AG-PURE,6747.0,25.0,neutral,0.98,True,False,False
2026-03-12,242,bearish,True,10:26:02,6710.25,686,7786,0.4,0.8578927634045744,22.0,11.0,11.0,WIN,10.0,AG-PURE,6740.0,29.75,neutral,1.14,True,False,False
2026-03-12,253,bullish,True,10:38:39,6693.25,-975,6299,0.16,0.4070467604858411,28.0,2.0,12.0,WIN,10.0,AG-PURE,6782.0,88.75,neutral,1.72,False,False,True
2026-03-12,257,bearish,True,10:43:35,6696.25,626,8244,0.3333333333333333,0.9211390525889603,4.25,25.0,28.0,LOSS,-8.0,AG-PURE,6695.0,1.25,neutral,1.52,True,False,False
2026-03-12,274,bearish,False,10:54:01,6701.5,344,5600,0.05,1.4301949917636092,17.0,3.5,16.0,WIN,10.0,AG-PURE,6700.0,1.5,neutral,1.07,True,False,False
2026-03-12,290,bearish,False,11:14:24,6689.5,447,8577,0.2,2.2319662745914437,3.5,27.0,5.0,LOSS,-8.0,AG-LIS,6708.0,18.5,neutral,1.46,True,False,False
2026-03-12,322,bullish,True,11:43:32,6718.25,-1595,5851,0.3181818181818182,0.3812865195351297,0.75,17.75,1.0,LOSS,-8.0,AG-PURE,6789.0,70.75,neutral,1.7,False,False,True
2026-03-12,350,bearish,False,12:06:31,6714.0,503,7083,0.4,2.461041330067233,21.0,15.25,5.0,WIN,10.0,AG-LIS,6795.0,81.0,neutral,0.85,True,False,False
2026-03-12,355,bullish,False,12:10:19,6698.0,-679,8683,0.2,2.91924421732114,31.25,3.75,13.0,WIN,10.0,AG-LIS,6795.0,97.0,neutral,0.85,False,False,True
2026-03-12,363,bearish,False,12:17:54,6711.25,389,4821,0.65,1.3946626166196572,15.0,18.0,27.0,LOSS,-8.0,AG-LIS,6698.0,13.25,neutral,1.35,True,False,False
2026-03-12,378,bearish,False,12:35:01,6708.0,571,5781,0.15,1.2261389666581828,11.75,10.75,12.0,LOSS,-8.0,AG-LIS,6790.0,82.0,neutral,1.14,True,False,False
2026-03-12,395,bullish,False,12:55:02,6701.75,-458,4502,0.5,1.0407082919161332,15.0,6.25,8.0,WIN,10.0,AG-LIS,6790.0,88.25,neutral,1.16,False,False,True
2026-03-12,396,bearish,False,12:56:01,6699.25,1013,4297,0.5,1.0343250529559023,3.75,17.5,27.0,LOSS,-8.0,AG-LIS,6790.0,90.75,neutral,1.16,True,False,False
2026-03-12,412,bearish,True,13:23:17,6705.0,1476,5408,0.08333333333333333,0.37960434928390097,16.25,9.0,17.0,LOSS,-8.0,BOFA-PURE,6645.0,60.0,neutral,0.9,False,False,False
2026-03-12,413,bullish,False,13:26:40,6703.75,-310,7416,0.25,1.8146226876774003,10.25,15.0,6.0,WIN,10.0,BOFA-PURE,6644.0,59.75,neutral,0.78,False,False,True
2026-03-12,423,bullish,True,13:47:07,6700.5,-1021,6501,0.041666666666666664,0.8872233510567108,7.75,11.75,15.0,LOSS,-8.0,BOFA-PURE,6641.0,59.5,neutral,0.68,False,False,True
2026-03-12,440,bearish,True,14:18:15,6703.25,786,14370,0.0,1.520547154565393,18.5,0.75,20.0,WIN,10.0,BOFA-PURE,6698.0,5.25,neutral,0.78,False,False,False
2026-03-12,443,bullish,True,14:24:02,6698.75,-882,10508,0.043478260869565216,1.6960377146705579,4.0,14.0,29.0,LOSS,-8.0,BOFA-PURE,6640.0,58.75,neutral,0.84,False,False,True
2026-03-12,455,bullish,False,14:58:54,6688.0,-441,4837,0.35,1.0574873470993977,14.75,10.75,17.0,WIN,10.0,BOFA-PURE,6687.0,1.0,neutral,1.28,False,False,True
2026-03-12,477,bearish,False,15:42:34,6687.0,873,7487,0.6,1.7157851315427628,9.75,2.0,4.0,EXPIRED,8.75,AG-PURE,6801.0,114.0,neutral,0.99,True,False,False
2026-03-13,207,bearish,True,09:53:05,6722.5,748,14908,0.13793103448275862,0.606930977448077,26.75,10.25,30.0,LOSS,-8.0,GEX-LIS,6670.0,52.5,neutral,-1.93,False,False,False
2026-03-13,222,bullish,False,10:04:43,6716.5,-307,9963,0.4,2.44230085675414,2.75,25.25,2.0,LOSS,-8.0,GEX-LIS,6712.0,4.5,neutral,-1.74,True,False,True
2026-03-13,235,bullish,False,10:16:21,6703.5,-685,6229,0.35,1.622452301881878,13.0,16.0,18.0,LOSS,-8.0,BofA-LIS,6683.0,20.5,neutral,-1.49,False,False,True
2026-03-13,253,bearish,True,10:33:51,6711.5,703,11409,0.23076923076923078,1.4045335023956265,48.0,1.5,29.0,WIN,10.0,BofA-LIS,6541.0,170.5,neutral,-1.49,False,False,False
2026-03-13,272,bearish,True,10:50:26,6685.0,1090,14602,0.37142857142857144,0.6731200437517091,26.0,1.0,17.0,WIN,10.0,BofA-LIS,6674.0,11.0,neutral,-1.2,False,False,False
2026-03-13,296,bearish,True,11:11:07,6672.5,781,11839,0.1935483870967742,1.5524724133154808,26.25,10.75,28.0,LOSS,-8.0,BofA-LIS,6663.0,9.5,neutral,-0.73,False,False,False
2026-03-13,310,bearish,False,11:30:48,6657.25,487,11175,0.15,2.4034325533379213,12.75,10.0,28.0,LOSS,-8.0,BofA-LIS,6652.0,5.25,neutral,-0.75,False,False,False
2026-03-13,337,bullish,False,11:57:15,6647.5,-439,4525,0.15,1.1179050089555926,18.75,3.0,27.0,WIN,10.0,BofA-LIS,6628.0,19.5,neutral,-0.3,False,False,True
2026-03-13,347,bearish,True,12:13:00,6658.5,863,13967,0.034482758620689655,1.1296252651425878,12.25,7.75,24.0,WIN,10.0,BofA-LIS,6651.0,7.5,neutral,-0.66,False,False,False
2026-03-13,359,bullish,True,12:34:22,6657.0,-927,8169,0.30303030303030304,0.7011303269289274,9.25,12.0,5.0,LOSS,-8.0,BofA-LIS,6651.0,6.0,neutral,-0.57,False,False,True
2026-03-13,364,bearish,False,12:39:01,6661.25,468,6524,0.65,1.7435225890936301,16.25,3.75,18.0,WIN,10.0,BofA-LIS,6649.0,12.25,neutral,-0.67,False,False,False
2026-03-13,414,bearish,False,14:02:54,6644.0,344,7600,0.4,1.6944806751167745,9.0,18.0,29.0,LOSS,-8.0,BOFA-PURE,6612.0,32.0,neutral,-0.25,False,False,False
2026-03-13,426,bearish,False,14:36:23,6657.5,486,3770,0.4,0.6924800705337791,30.5,4.5,21.0,WIN,10.0,BOFA-PURE,6635.0,22.5,neutral,-0.35,False,False,False
2026-03-13,433,bullish,False,14:58:22,6653.25,-374,3566,0.4,0.6308712958867758,3.75,26.25,1.0,LOSS,-8.0,BOFA-PURE,6652.0,1.25,neutral,-0.75,False,False,True
2026-03-13,443,bullish,False,15:30:05,6640.0,-387,11223,0.35,1.889441652566984,3.75,13.0,1.0,LOSS,-8.0,BOFA-PURE,6606.0,34.0,neutral,-0.41,False,False,False
2026-03-13,450,bearish,False,15:50:28,6630.0,740,8836,0.45,1.3316654861121577,1.0,7.5,1.0,EXPIRED,-7.5,BOFA-PURE,6625.0,5.0,neutral,-0.5,False,False,False
2026-03-16,240,bullish,True,10:16:34,6723.0,-736,8550,0.0,2.0163242505120724,4.25,33.75,5.0,LOSS,-8.0,BOFA-PURE,6712.0,11.0,neutral,-2.31,False,False,True
2026-03-16,256,bearish,False,10:40:56,6696.5,388,4890,0.25,1.5457318518752665,7.25,23.75,7.0,LOSS,-8.0,BOFA-PURE,6678.0,18.5,neutral,-1.91,False,False,False
2026-03-16,259,bullish,False,10:45:08,6699.0,-331,4917,0.55,1.6268797458930966,21.25,9.75,23.0,LOSS,-8.0,BOFA-PURE,6681.0,18.0,neutral,-1.8,False,False,True
2026-03-16,380,bullish,False,15:29:26,6705.25,-304,4984,0.6,2.0420371204982177,3.0,8.0,1.0,LOSS,-8.0,BOFA-PURE,6681.0,24.25,neutral,-2.25,False,False,True
2026-03-16,386,bearish,True,15:51:10,6702.25,1136,14982,0.043478260869565216,4.485827742023826,4.0,1.75,2.0,EXPIRED,-1.0,BOFA-PURE,6691.0,11.25,neutral,-2.24,False,False,False
2026-03-18,115,bearish,False,09:48:30,6754.75,405,5459,0.65,1.365125409487609,21.0,2.75,30.0,WIN,10.0,AG-TARGET,6709.0,45.75,neutral,0.48,True,False,True
2026-03-18,153,bearish,True,10:30:05,6724.25,711,15849,0.08333333333333333,2.381206320693817,5.25,18.75,10.0,LOSS,-8.0,AG-TARGET,6709.0,15.25,neutral,0.61,True,False,False
2026-03-18,174,bearish,False,11:14:42,6738.0,1950,27280,0.15,4.9891183086742625,17.25,2.0,30.0,WIN,10.0,SIDIAL-EXTREME,6665.0,73.0,neutral,0.41,False,False,True
2026-03-18,193,bullish,False,12:08:39,6732.75,-410,16062,0.15,2.6193951353158456,6.0,17.75,7.0,LOSS,-8.0,AG-TARGET,6695.0,37.75,neutral,0.69,False,False,False
2026-03-18,206,bullish,False,12:42:25,6731.0,-348,4830,0.1,0.9488542045242467,6.5,16.0,22.0,LOSS,-8.0,SIDIAL-EXTREME,6659.0,72.0,neutral,0.7,False,False,False
2026-03-18,218,bearish,False,13:30:49,6718.75,678,16018,0.55,3.099998064678446,6.0,18.75,30.0,LOSS,-8.0,SIDIAL-EXTREME,6663.0,55.75,neutral,0.86,False,False,True
2026-03-18,233,bearish,False,14:05:18,6731.25,517,3345,0.25,0.6208701462617863,25.0,2.5,27.0,WIN,10.0,SIDIAL-EXTREME,6663.0,68.25,neutral,0.04,False,False,True
2026-03-18,250,bullish,True,14:35:18,6712.25,-635,8637,0.06896551724137931,1.285619439649449,11.75,18.0,5.0,WIN,10.0,AG-LIS,6674.0,38.25,neutral,0.59,False,False,True
2026-03-18,264,bearish,False,14:50:02,6707.75,857,7345,0.1,1.93388712628849,29.5,1.75,29.0,WIN,10.0,GEX-LIS,6649.0,58.75,neutral,0.76,False,False,False
2026-03-18,287,bullish,True,15:32:57,6693.5,-635,10753,0.08695652173913043,0.42300846537877146,1.0,19.75,1.0,LOSS,-8.0,GEX-LIS,6627.0,66.5,neutral,0.97,True,False,True
2026-03-19,283,bearish,False,09:44:04,6634.75,322,5448,0.35,2.2491020930520578,9.0,17.75,6.0,LOSS,-8.0,GEX-LIS,6569.0,65.75,neutral,1.36,False,False,True
2026-03-19,296,bearish,False,09:52:08,6647.75,479,6917,0.25,2.4343633420144997,10.75,7.75,30.0,WIN,10.0,GEX-PURE,6571.0,76.75,neutral,0.9,False,False,True
2026-03-19,307,bearish,False,10:02:02,6647.5,414,5850,0.4,1.7966830466830468,20.25,8.0,29.0,LOSS,-8.0,GEX-PURE,6561.0,86.5,neutral,0.41,False,False,True
2026-03-19,320,bearish,False,10:13:13,6650.5,549,7667,0.65,2.647627598591063,29.75,1.5,20.0,WIN,10.0,GEX-PURE,6566.0,84.5,neutral,0.31,False,False,True
2026-03-19,341,bearish,False,10:31:03,6627.75,390,5052,0.4,1.8081927020884412,2.25,23.75,1.0,LOSS,-8.0,GEX-PURE,6570.0,57.75,neutral,0.55,False,False,True
2026-03-19,371,bearish,False,11:02:03,6637.0,305,7093,0.55,2.7495978136568913,12.75,21.25,27.0,LOSS,-8.0,GEX-PURE,6582.0,55.0,neutral,-0.02,False,False,True
2026-03-19,389,bullish,False,11:24:54,6634.75,-545,6883,0.15,1.5844843462246778,6.0,12.75,5.0,LOSS,-8.0,GEX-LIS,6586.0,48.75,neutral,-0.24,True,False,False
2026-03-19,412,bearish,False,11:54:22,6626.75,394,7420,0.25,1.7565456181052035,0.0,25.25,1.0,LOSS,-8.0,GEX-LIS,6568.0,58.75,neutral,0.15,False,False,True
2026-03-19,430,bearish,False,12:12:50,6644.0,420,3446,0.35,0.8284151691808402,27.75,4.0,30.0,WIN,10.0,BOFA-PURE,6577.0,67.0,neutral,-0.29,False,False,True
2026-03-19,446,bearish,True,12:43:02,6643.0,1254,7730,0.0,0.6651146574895689,26.75,1.25,14.0,WIN,10.0,BOFA-PURE,6585.0,58.0,neutral,-0.35,False,False,False
2026-03-19,451,bullish,True,12:54:55,6631.5,-616,11674,0.21428571428571427,1.96229379418696,8.0,15.25,26.0,LOSS,-8.0,BOFA-PURE,6584.0,47.5,neutral,-0.47,False,False,True
2026-03-19,480,bearish,True,14:06:23,6632.0,649,9059,0.13043478260869565,1.0475443815578922,8.0,36.5,16.0,LOSS,-8.0,BOFA-PURE,6565.0,67.0,neutral,-0.58,False,False,False
2026-03-19,494,bullish,True,14:38:37,6631.5,-637,9683,0.2727272727272727,0.9612592995826529,60.5,7.5,28.0,WIN,10.0,BOFA-PURE,6568.0,63.5,neutral,-0.77,False,False,True
2026-03-19,512,bearish,False,15:03:48,6666.0,356,6356,0.4,1.313128182879337,6.5,26.0,2.0,LOSS,-8.0,BOFA-PURE,6565.0,101.0,neutral,-0.97,False,False,True
2026-03-19,530,bearish,False,15:08:41,6685.25,317,3679,0.35,1.0561217166642745,16.5,3.25,18.0,WIN,10.0,BOFA-PURE,6563.0,122.25,neutral,-1.27,False,False,True
2026-03-19,552,bearish,True,15:16:12,6680.25,917,7433,0.17391304347826086,1.888289754807203,28.75,3.5,27.0,WIN,10.0,BOFA-PURE,6561.0,119.25,neutral,-1.31,False,False,True
2026-03-19,566,bullish,True,15:26:23,6663.25,-674,6364,0.34285714285714286,1.128849046756516,6.0,11.75,10.0,LOSS,-8.0,AG-LIS,6671.0,7.75,neutral,-1.13,False,False,False
2026-03-19,572,bearish,False,15:31:58,6665.75,421,3511,0.3,1.0324193192678086,14.25,3.5,7.0,WIN,10.0,BOFA-PURE,6569.0,96.75,neutral,-0.88,False,False,True
2026-03-19,579,bullish,True,15:36:40,6656.5,-919,6457,0.35294117647058826,1.7854158340297204,12.0,0.75,8.0,WIN,10.0,BOFA-PURE,6607.0,49.5,neutral,-0.95,False,False,False
2026-03-19,584,bearish,False,15:41:27,6661.75,339,4723,0.6,1.603789602363408,4.75,6.75,7.0,EXPIRED,-0.5,BOFA-PURE,6605.0,56.75,neutral,-0.95,False,False,True
2026-03-19,591,bullish,False,15:52:41,6662.0,-556,10256,0.6,3.1298828125,2.5,4.75,7.0,EXPIRED,0.25,AG-LIS,6674.0,12.0,neutral,-0.95,False,False,False
2026-03-20,196,bearish,False,09:42:07,6627.75,429,3559,0.35,0.914404634970389,27.75,15.25,28.0,LOSS,-8.0,GEX-LIS,6574.0,53.75,neutral,0.33,False,False,True
2026-03-20,214,bullish,False,09:52:20,6620.75,-433,3217,0.75,1.0068384895857785,2.25,30.5,4.0,LOSS,-8.0,GEX-LIS,6576.0,44.75,neutral,0.27,True,False,False
2026-03-20,224,bullish,False,10:02:39,6605.0,-306,6888,0.5,1.6517193419979859,8.75,14.75,7.0,LOSS,-8.0,GEX-LIS,6555.0,50.0,neutral,0.95,True,False,False
2026-03-20,230,bearish,False,10:07:01,6612.75,448,8154,0.4,1.806640300442022,22.5,1.0,9.0,WIN,10.0,GEX-LIS,6555.0,57.75,neutral,0.95,False,False,True
2026-03-20,237,bullish,False,10:12:55,6596.0,-859,6867,0.35,1.4195495560677631,15.0,8.0,15.0,WIN,10.0,GEX-LIS,6555.0,41.0,neutral,0.99,True,False,False
2026-03-20,241,bearish,False,10:18:39,6596.0,496,8980,0.55,1.7807743790590451,8.5,15.0,27.0,LOSS,-8.0,GEX-LIS,6540.0,56.0,neutral,1.52,False,False,True
2026-03-20,265,bullish,False,10:53:38,6597.25,-465,4295,0.35,0.8530457407297067,11.25,9.75,22.0,LOSS,-8.0,GEX-LIS,6550.0,47.25,neutral,1.13,True,False,False
2026-03-20,280,bullish,False,11:05:11,6597.5,-336,4558,0.25,1.1833582137989225,20.25,7.0,18.0,WIN,10.0,GEX-LIS,6545.0,52.5,neutral,1.15,True,False,False
2026-03-20,286,bearish,False,11:14:33,6607.75,442,4446,0.35,1.1799989383725251,17.25,10.0,22.0,WIN,10.0,GEX-LIS,6545.0,62.75,neutral,1.02,False,False,True
2026-03-20,312,bearish,True,11:35:45,6598.25,720,8822,0.2916666666666667,1.700466591442774,2.5,17.75,3.0,LOSS,-8.0,GEX-LIS,6540.0,58.25,neutral,0.88,False,False,True
2026-03-20,322,bearish,True,11:50:44,6598.75,1049,8111,0.3548387096774194,1.7520289370497584,3.5,17.25,21.0,LOSS,-8.0,GEX-LIS,6550.0,48.75,neutral,0.81,False,False,True
2026-03-20,337,bearish,True,12:22:13,6611.0,777,10331,0.23333333333333334,1.6454272863568216,17.75,4.5,26.0,WIN,10.0,BOFA-PURE,6555.0,56.0,neutral,0.48,False,False,True
2026-03-20,346,bullish,True,12:36:52,6603.0,-606,4860,0.125,0.472109330581819,6.75,20.5,9.0,LOSS,-8.0,BOFA-PURE,6550.0,53.0,neutral,0.73,False,False,False
2026-03-20,370,bearish,False,13:25:44,6598.25,491,6787,0.65,1.610832235631979,35.75,1.75,26.0,WIN,10.0,GEX-LIS,6545.0,53.25,neutral,0.79,False,False,True
2026-03-20,376,bullish,False,13:39:01,6587.5,-391,7845,0.6,1.700370635281878,5.75,33.5,2.0,LOSS,-8.0,GEX-LIS,6540.0,47.5,neutral,1.01,True,False,False
2026-03-20,380,bearish,False,13:47:52,6582.5,590,4300,0.3,0.8686693198117209,30.25,10.5,29.0,LOSS,-8.0,GEX-LIS,6539.0,43.5,neutral,1.08,False,False,True
2026-03-20,392,bullish,True,14:21:38,6578.75,-795,5509,0.125,0.8020749415440237,0.75,36.25,1.0,LOSS,-8.0,GEX-LIS,6530.0,48.75,neutral,1.3,True,False,False
2026-03-20,399,bearish,True,14:28:19,6569.25,601,14171,0.1,0.4990642545227698,45.5,1.25,28.0,WIN,10.0,GEX-LIS,6511.0,58.25,neutral,2.08,False,False,False
2026-03-20,406,bullish,False,14:48:54,6554.0,-356,4552,0.35,0.7921067743226547,8.5,30.25,5.0,LOSS,-8.0,GEX-LIS,6500.0,54.0,neutral,2.42,True,False,True
2026-03-20,411,bearish,False,15:04:39,6557.5,458,13416,0.6,2.3021286453373144,33.75,0.75,16.0,WIN,10.0,GEX-LIS,6495.0,62.5,neutral,2.36,False,False,False
2026-03-20,421,bearish,True,15:31:18,6545.5,650,13212,0.55,0.21660277679348,21.75,15.5,6.0,WIN,10.0,GEX-LIS,6490.0,55.5,neutral,2.76,False,False,False
2026-03-20,432,bearish,False,15:45:40,6542.0,320,8454,0.45,1.1637575023401796,7.25,19.0,6.0,LOSS,-8.0,BofA-LIS,6479.0,63.0,neutral,3.24,False,False,False
2026-03-23,1202,bearish,False,09:42:25,6665.5,520,3664,0.4,2.258313045086135,13.75,8.5,22.0,LOSS,-8.0,BOFA-PURE,6573.0,92.5,neutral,-1.07,False,False,True
2026-03-23,1237,bullish,True,09:54:48,6674.25,-636,9222,0.15384615384615385,3.4735124278182274,11.5,10.75,17.0,LOSS,-8.0,GEX-LIS,6606.0,68.25,neutral,-1.42,True,False,False
2026-03-23,1274,bearish,False,10:13:50,6680.0,537,3827,0.3,1.7974308996547916,6.0,21.5,3.0,LOSS,-8.0,AG-LIS,6840.0,160.0,neutral,-1.22,True,False,True
2026-03-23,1290,bullish,True,10:29:33,6688.75,-696,6660,0.23809523809523808,1.0420645849064984,14.0,11.25,30.0,LOSS,-8.0,AG-LIS,6848.0,159.25,neutral,-1.6,False,False,True
2026-03-23,1321,bearish,True,11:04:10,6699.75,1030,12942,0.17857142857142858,3.079168044827519,41.25,5.0,29.0,WIN,10.0,AG-LIS,6665.0,34.75,neutral,-1.04,True,False,False
2026-03-23,1328,bullish,False,11:16:47,6695.5,-606,6904,0.35,1.7151090574849703,4.0,52.25,7.0,LOSS,-8.0,AG-PURE,6667.0,28.5,neutral,-1.35,False,False,True
2026-03-23,1338,bullish,True,11:30:11,6690.25,-848,12048,0.041666666666666664,1.4418374531407585,1.5,54.75,1.0,LOSS,-8.0,AG-PURE,6670.0,20.25,neutral,-1.37,False,False,True
2026-03-23,1356,bullish,False,11:55:44,6648.25,-2226,6148,0.35,1.548517095900762,9.5,15.75,1.0,LOSS,-8.0,AG-LIS,6669.0,20.75,neutral,-0.64,False,False,True
2026-03-23,1376,bearish,True,12:09:08,6646.5,741,8601,0.0,1.2757544224765869,30.5,4.0,20.0,WIN,10.0,AG-LIS,6606.0,40.5,neutral,-0.02,True,False,True
2026-03-23,1379,bullish,True,12:14:21,6645.25,-603,6533,0.03333333333333333,1.0500584917849598,4.5,29.25,1.0,LOSS,-8.0,SIDIAL-EXTREME,6592.0,53.25,neutral,-0.21,False,False,False
2026-03-23,1392,bullish,True,12:25:48,6630.5,-1447,4937,0.047619047619047616,0.4980345690157799,14.25,14.5,23.0,LOSS,-8.0,SIDIAL-EXTREME,6563.0,67.5,neutral,-0.09,False,False,False
2026-03-23,1412,bearish,True,12:47:21,6640.0,627,6825,0.21052631578947367,0.834358063487726,16.75,4.75,23.0,WIN,10.0,AG-LIS,6650.0,10.0,neutral,-0.12,True,False,False
2026-03-23,1480,bearish,True,14:35:50,6666.75,1437,7249,0.10344827586206896,1.3708842410436943,35.0,7.5,22.0,WIN,10.0,AG-PURE,6625.0,41.75,neutral,-0.55,True,False,False
2026-03-23,1494,bullish,False,15:26:30,6650.0,-432,9678,0.4,2.4320860452843465,6.75,18.25,3.0,LOSS,-8.0,AG-PURE,6615.0,35.0,neutral,-0.29,False,False,True
2026-03-24,357,bullish,True,09:52:24,6578.5,-708,6448,0.2571428571428571,0.8159926960094344,32.0,1.75,19.0,WIN,10.0,AG-TARGET,6536.0,42.5,neutral,1.06,False,False,False
2026-03-24,370,bearish,False,10:04:56,6598.75,526,8758,0.3,2.938926174496644,8.0,11.75,13.0,LOSS,-8.0,AG-TARGET,6560.0,38.75,neutral,0.77,True,False,True
2026-03-24,372,bullish,False,10:06:11,6596.0,-393,3319,0.25,1.0299456943366951,14.5,5.25,4.0,WIN,10.0,AG-TARGET,6560.0,36.0,neutral,0.77,False,False,False
2026-03-24,422,bullish,False,10:49:19,6607.25,-312,7090,0.35,2.1602023094969685,28.0,10.0,15.0,LOSS,-8.0,AG-TARGET,6579.0,28.25,neutral,0.06,False,False,False
2026-03-24,458,bullish,True,10:58:47,6622.75,-807,5923,0.36363636363636365,1.0108487555839183,11.75,23.25,28.0,LOSS,-8.0,AG-PURE,6614.0,8.75,neutral,0.19,False,False,True
2026-03-24,472,bearish,False,11:01:00,6623.75,327,4939,0.45,2.3528571088297645,4.0,22.25,8.0,LOSS,-8.0,AG-PURE,6614.0,9.75,neutral,0.19,True,False,False
2026-03-24,492,bearish,False,11:27:01,6638.75,1764,8684,0.7,2.4427223245805263,20.75,7.25,17.0,WIN,10.0,AG-PURE,6627.0,11.75,neutral,-0.02,True,False,False
2026-03-24,523,bullish,False,12:37:48,6621.0,-391,7059,0.35,1.3264558317830768,12.0,20.5,6.0,WIN,10.0,AG-PURE,6615.0,6.0,neutral,0.13,False,False,True
2026-03-24,589,bearish,False,13:59:25,6613.75,688,7210,0.2,2.189027537419923,6.5,28.0,9.0,LOSS,-8.0,AG-PURE,6605.0,8.75,neutral,0.85,True,False,False
2026-03-24,609,bullish,False,14:35:55,6629.25,-1371,7849,0.55,1.9444100379022469,12.5,14.5,4.0,WIN,10.0,AG-PURE,6599.0,30.25,neutral,0.59,False,False,True
2026-03-24,613,bearish,False,14:41:03,6636.75,311,9511,0.3,2.193799880057204,26.25,1.25,29.0,WIN,10.0,AG-PURE,6596.0,40.75,neutral,0.59,True,False,False
2026-03-24,619,bullish,False,14:44:55,6629.75,-529,5257,0.1,1.2190427604118357,3.25,29.5,5.0,LOSS,-8.0,AG-PURE,6596.0,33.75,neutral,0.32,False,False,True
2026-03-24,629,bullish,True,15:04:55,6626.5,-700,10448,0.22727272727272727,1.8761356575970367,5.75,26.25,2.0,LOSS,-8.0,AG-PURE,6587.0,39.5,neutral,0.55,False,False,True
2026-03-24,646,bullish,False,15:50:00,6611.5,-396,8874,0.55,1.7237259986597129,0.0,11.25,1.0,LOSS,-8.0,AG-PURE,6576.0,35.5,neutral,0.46,False,False,True
2026-03-25,250,bearish,False,09:58:27,6648.75,481,7881,0.15,1.6018129897053892,17.5,12.0,5.0,WIN,10.0,SIDIAL-MESSY,6589.0,59.75,neutral,-0.2,False,False,False
2026-03-25,262,bearish,False,10:04:58,6644.75,439,4577,0.25,1.0319831347305053,6.25,18.5,4.0,LOSS,-8.0,AG-TARGET,6596.0,48.75,neutral,-0.27,True,False,False
2026-03-25,276,bearish,True,10:19:26,6652.75,765,18899,0.08333333333333333,2.3977706729034747,6.25,14.75,6.0,LOSS,-8.0,SIDIAL-MESSY,6598.0,54.75,neutral,-1.1,False,False,False
2026-03-25,306,bullish,False,10:59:22,6661.25,-872,15962,0.25,3.955444869841034,4.25,44.75,3.0,LOSS,-8.0,SIDIAL-MESSY,6610.0,51.25,neutral,-1.09,False,False,True
2026-03-25,334,bearish,False,11:22:26,6637.25,359,3923,0.4,0.8656126918282013,2.5,20.25,1.0,LOSS,-8.0,AG-PURE,6615.0,22.25,neutral,-0.63,True,False,False
2026-03-25,345,bearish,True,11:35:23,6652.25,738,9004,0.047619047619047616,1.3695972023796832,17.75,1.25,21.0,WIN,10.0,AG-TARGET,6618.0,34.25,neutral,-0.94,True,False,False
2026-03-25,365,bearish,False,12:05:11,6637.75,616,7150,0.75,1.6563962377797339,3.25,20.5,1.0,LOSS,-8.0,AG-PURE,6604.0,33.75,neutral,-0.6,True,False,False
2026-03-25,381,bearish,False,12:26:50,6652.5,308,4156,0.35,1.0284837536192433,8.5,6.0,26.0,EXPIRED,-2.75,AG-PURE,6610.0,42.5,neutral,-0.42,True,False,False
2026-03-25,388,bullish,False,12:43:05,6652.0,-448,9134,0.25,1.937509280274908,11.75,8.0,30.0,LOSS,-8.0,AG-PURE,6615.0,37.0,neutral,-0.74,False,False,True
2026-03-25,414,bearish,False,13:30:14,6653.5,623,8115,0.3,2.4939303604904883,8.5,16.0,30.0,LOSS,-8.0,AG-PURE,6624.0,29.5,neutral,-0.84,True,False,False
2026-03-25,424,bullish,False,13:50:27,6654.0,-473,4367,0.3,0.9313981636505179,9.25,23.5,9.0,LOSS,-8.0,AG-PURE,6625.0,29.0,neutral,-1.04,False,False,True
2026-03-25,462,bullish,False,15:40:35,6637.5,-304,9122,0.5,1.162556553877525,8.0,2.75,8.0,EXPIRED,4.25,AG-TARGET,6590.0,47.5,neutral,-0.86,False,False,True
2026-03-26,195,bullish,True,09:47:48,6608.0,-916,10972,0.4782608695652174,1.2538760087890426,13.25,7.0,27.0,WIN,10.0,BofA-LIS,6552.0,56.0,neutral,1.07,False,False,False
2026-03-26,222,bearish,False,10:07:32,6616.25,471,3431,0.15,0.923167991820371,14.0,5.75,29.0,WIN,10.0,SIDIAL-EXTREME,6564.0,52.25,neutral,0.62,False,False,True
2026-03-26,225,bullish,True,10:12:14,6611.75,-1354,13036,0.2857142857142857,0.6749937368025483,10.25,10.5,4.0,WIN,10.0,SIDIAL-EXTREME,6560.0,51.75,neutral,0.78,False,False,False
2026-03-26,243,bullish,True,10:39:25,6612.5,-907,8643,0.04,1.1900578630496406,9.5,31.75,4.0,LOSS,-8.0,SIDIAL-EXTREME,6567.0,45.5,neutral,0.49,False,False,False
2026-03-26,274,bearish,True,10:59:37,6592.0,680,16690,0.16,0.753339121540456,10.75,10.0,23.0,LOSS,-8.0,BofA-LIS,6471.0,121.0,neutral,0.92,False,False,True
2026-03-26,318,bullish,True,12:18:08,6575.5,-990,11282,0.2,0.9720247883973948,6.75,39.5,2.0,LOSS,-8.0,AG-LIS,6556.0,19.5,neutral,0.86,False,False,True
2026-03-26,325,bearish,False,12:28:49,6565.25,645,7987,0.55,1.5258964904571766,29.25,7.75,22.0,WIN,10.0,BofA-LIS,6463.0,102.25,neutral,1.0,False,False,True
2026-03-26,332,bullish,False,12:52:05,6566.25,-586,10834,0.45,1.8997685347548572,6.75,35.75,2.0,LOSS,-8.0,BofA-LIS,6460.0,106.25,neutral,1.15,False,False,False
2026-03-26,340,bearish,False,13:31:31,6555.0,476,7002,0.3,0.8460966812274565,34.0,7.75,30.0,WIN,10.0,BofA-LIS,6506.0,49.0,neutral,1.41,False,False,True
2026-03-26,348,bullish,False,14:01:44,6544.25,-548,7040,0.65,0.8291522389465997,4.25,24.0,11.0,LOSS,-8.0,BofA-LIS,6457.0,87.25,neutral,1.68,False,False,False
2026-03-26,354,bearish,False,14:30:50,6541.25,343,9383,0.4,1.096087238404523,21.0,7.25,18.0,WIN,10.0,BofA-LIS,6455.0,86.25,neutral,1.52,False,False,True
2026-03-26,364,bearish,True,15:22:33,6533.75,854,20676,0.3939393939393939,1.758631562352199,13.5,1.75,8.0,WIN,10.0,BOFA-PURE,6449.0,84.75,neutral,1.43,False,False,True
2026-03-26,367,bullish,False,15:35:42,6531.0,-613,12581,0.3,1.3904499814879285,2.0,10.75,1.0,LOSS,-8.0,BofA-LIS,6486.0,45.0,neutral,1.47,False,False,False
2026-03-27,194,bearish,False,09:48:40,6493.0,389,6649,0.3,1.5536861782918565,39.0,0.5,12.0,WIN,10.0,BOFA-MESSY,6419.0,74.0,neutral,1.36,False,False,False
2026-03-27,205,bearish,False,09:58:37,6456.25,311,9493,0.5,2.430799170358231,2.25,20.75,1.0,LOSS,-8.0,BOFA-MESSY,6416.0,40.25,neutral,1.33,False,False,False
2026-03-27,215,bearish,False,10:03:35,6461.5,380,4498,0.7,1.217716173046727,6.25,15.5,6.0,LOSS,-8.0,BofA-LIS,6413.0,48.5,neutral,1.71,False,False,False
2026-03-27,218,bullish,False,10:07:47,6463.25,-370,4856,0.5,1.1975191427972527,13.75,8.0,15.0,LOSS,-8.0,GEX-LIS,6408.0,55.25,neutral,1.41,True,False,True
2026-03-27,243,bullish,True,10:31:31,6463.75,-717,16135,0.0,2.903649942147891,17.5,12.0,27.0,LOSS,-8.0,GEX-LIS,6397.0,66.75,neutral,1.35,True,False,True
2026-03-27,254,bullish,True,10:46:48,6456.75,-879,4903,0.045454545454545456,0.5165729671781703,24.5,1.0,16.0,WIN,10.0,GEX-LIS,6391.0,65.75,neutral,1.33,True,False,True
2026-03-27,259,bearish,True,10:51:57,6469.25,886,10384,0.3,1.3361410264123699,11.5,14.5,20.0,LOSS,-8.0,GEX-LIS,6390.0,79.25,neutral,1.27,False,False,False
2026-03-27,270,bearish,True,11:06:35,6476.25,951,11399,0.13333333333333333,0.777504723563481,18.5,14.0,9.0,WIN,10.0,GEX-LIS,6390.0,86.25,neutral,0.89,False,False,False
2026-03-27,279,bullish,True,11:22:16,6462.75,-629,17271,0.09090909090909091,0.8525646252956047,27.5,1.25,19.0,WIN,10.0,GEX-LIS,6384.0,78.75,neutral,0.84,True,False,True
2026-03-27,298,bearish,False,11:37:37,6485.25,535,3695,0.5,0.8350282485875706,36.5,1.5,25.0,WIN,10.0,GEX-LIS,6382.0,103.25,neutral,0.41,False,False,False
2026-03-27,316,bearish,True,12:16:56,6459.25,603,16441,0.034482758620689655,1.8578199052132702,23.25,8.75,30.0,WIN,10.0,GEX-LIS,6373.0,86.25,neutral,0.83,False,False,False
2026-03-27,320,bullish,True,12:30:10,6459.0,-1287,15545,0.045454545454545456,1.6537358029302411,9.0,27.5,18.0,LOSS,-8.0,GEX-LIS,6373.0,86.0,neutral,0.87,True,False,True
2026-03-27,328,bearish,True,12:50:47,6459.75,1194,11408,0.2608695652173913,0.4610884666946525,40.5,8.25,27.0,WIN,10.0,GEX-LIS,6377.0,82.75,neutral,1.02,False,False,False
2026-03-27,332,bullish,True,13:05:12,6454.5,-988,17228,0.0,1.6987706631728596,13.5,35.25,6.0,WIN,10.0,GEX-LIS,6374.0,80.5,neutral,0.89,True,False,True
2026-03-27,347,bullish,True,13:34:23,6439.0,-889,28049,0.25,4.035194283162126,1.5,26.5,1.0,LOSS,-8.0,GEX-LIS,6366.0,73.0,neutral,1.26,True,False,True
2026-03-27,348,bearish,False,13:41:02,6435.5,516,12072,0.7,1.9081037507705438,23.0,1.0,25.0,WIN,10.0,GEX-LIS,6364.0,71.5,neutral,1.29,False,False,False
2026-03-27,358,bearish,False,14:24:09,6426.5,406,11820,0.65,1.2135461316933691,28.25,8.75,28.0,LOSS,-8.0,GEX-LIS,6355.0,71.5,neutral,1.93,False,False,False
2026-03-27,373,bullish,True,15:12:19,6417.5,-851,29953,0.3,2.3720313580816232,6.25,19.25,2.0,LOSS,-8.0,GEX-LIS,6340.0,77.5,neutral,2.12,True,False,True
2026-03-27,375,bearish,False,15:20:32,6418.75,445,9897,0.45,1.0179637639048171,20.5,2.0,11.0,WIN,10.0,GEX-LIS,6340.0,78.75,neutral,,False,False,False
