trs_t,div_t,dcl_min,dz_min,gate,n_sigs,spd,wr,pnl,max_dd,pf,quality
0.2,0.05,0,0.5,at_extreme,24,1.2,0.542,77.0,-12.2,3.23,248.9
0.3,0.05,0,0.5,at_extreme,24,1.2,0.542,77.0,-12.2,3.23,248.9
0.4,0.05,0,0.5,at_extreme,24,1.2,0.542,77.0,-12.2,3.23,248.9
0.2,0.15,0,0.5,at_extreme,24,1.2,0.542,77.0,-12.2,3.23,248.9
0.35,0.2,0,0.5,at_extreme,24,1.2,0.542,77.0,-12.2,3.23,248.9
0.3,0.1,0,0.5,at_extreme,24,1.2,0.542,77.0,-12.2,3.23,248.9
0.25,0.2,0,0.5,at_extreme,24,1.2,0.542,77.0,-12.2,3.23,248.9
0.25,0.05,0,0.5,at_extreme,24,1.2,0.542,77.0,-12.2,3.23,248.9
0.4,0.15,0,0.5,at_extreme,24,1.2,0.542,77.0,-12.2,3.23,248.9
0.35,0.15,0,0.5,at_extreme,24,1.2,0.542,77.0,-12.2,3.23,248.9
0.4,0.1,0,0.5,at_extreme,24,1.2,0.542,77.0,-12.2,3.23,248.9
0.25,0.15,0,0.5,at_extreme,24,1.2,0.542,77.0,-12.2,3.23,248.9
0.45,0.2,0,0.5,at_extreme,24,1.2,0.542,77.0,-12.2,3.23,248.9
0.3,0.15,0,0.5,at_extreme,24,1.2,0.542,77.0,-12.2,3.23,248.9
0.45,0.15,0,0.5,at_extreme,24,1.2,0.542,77.0,-12.2,3.23,248.9
0.45,0.05,0,0.5,at_extreme,24,1.2,0.542,77.0,-12.2,3.23,248.9
0.2,0.1,0,0.5,at_extreme,24,1.2,0.542,77.0,-12.2,3.23,248.9
0.3,0.2,0,0.5,at_extreme,24,1.2,0.542,77.0,-12.2,3.23,248.9
0.45,0.1,0,0.5,at_extreme,24,1.2,0.542,77.0,-12.2,3.23,248.9
0.35,0.1,0,0.5,at_extreme,24,1.2,0.542,77.0,-12.2,3.23,248.9
0.35,0.05,0,0.5,at_extreme,24,1.2,0.542,77.0,-12.2,3.23,248.9
0.4,0.2,0,0.5,at_extreme,24,1.2,0.542,77.0,-12.2,3.23,248.9
0.25,0.1,0,0.5,at_extreme,24,1.2,0.542,77.0,-12.2,3.23,248.9
0.2,0.2,0,0.5,at_extreme,24,1.2,0.542,77.0,-12.2,3.23,248.9
0.5,0.1,0,0.5,at_extreme,22,1.1,0.545,72.0,-12.2,3.32,239.2
0.5,0.15,0,0.5,at_extreme,22,1.1,0.545,72.0,-12.2,3.32,239.2
0.5,0.2,0,0.5,at_extreme,22,1.1,0.545,72.0,-12.2,3.32,239.2
0.5,0.05,0,0.5,at_extreme,22,1.1,0.545,72.0,-12.2,3.32,239.2
0.55,0.0,0,1.0,at_extreme,119,6.0,0.445,94.0,-41.2,1.39,130.6
0.55,0.0,0,0.5,at_extreme,136,6.8,0.434,74.2,-42.8,1.26,93.6
0.4,0.1,0,0.0,at_extreme,34,1.7,0.471,40.5,-15.5,1.67,67.7
0.35,0.15,0,0.0,at_extreme,34,1.7,0.471,40.5,-15.5,1.67,67.7
0.2,0.2,0,0.0,at_extreme,34,1.7,0.471,40.5,-15.5,1.67,67.7
0.4,0.2,0,0.0,at_extreme,34,1.7,0.471,40.5,-15.5,1.67,67.7
0.25,0.1,0,0.0,at_extreme,34,1.7,0.471,40.5,-15.5,1.67,67.7
0.25,0.05,0,0.0,at_extreme,34,1.7,0.471,40.5,-15.5,1.67,67.7
0.35,0.05,0,0.0,at_extreme,34,1.7,0.471,40.5,-15.5,1.67,67.7
0.25,0.15,0,0.0,at_extreme,34,1.7,0.471,40.5,-15.5,1.67,67.7
0.45,0.2,0,0.0,at_extreme,34,1.7,0.471,40.5,-15.5,1.67,67.7
0.4,0.15,0,0.0,at_extreme,34,1.7,0.471,40.5,-15.5,1.67,67.7
0.35,0.1,0,0.0,at_extreme,34,1.7,0.471,40.5,-15.5,1.67,67.7
0.35,0.2,0,0.0,at_extreme,34,1.7,0.471,40.5,-15.5,1.67,67.7
0.2,0.05,0,0.0,at_extreme,34,1.7,0.471,40.5,-15.5,1.67,67.7
0.3,0.05,0,0.0,at_extreme,34,1.7,0.471,40.5,-15.5,1.67,67.7
0.4,0.05,0,0.0,at_extreme,34,1.7,0.471,40.5,-15.5,1.67,67.7
0.2,0.15,0,0.0,at_extreme,34,1.7,0.471,40.5,-15.5,1.67,67.7
0.25,0.2,0,0.0,at_extreme,34,1.7,0.471,40.5,-15.5,1.67,67.7
0.3,0.1,0,0.0,at_extreme,34,1.7,0.471,40.5,-15.5,1.67,67.7
0.3,0.15,0,0.0,at_extreme,34,1.7,0.471,40.5,-15.5,1.67,67.7
0.45,0.05,0,0.0,at_extreme,34,1.7,0.471,40.5,-15.5,1.67,67.7
0.3,0.2,0,0.0,at_extreme,34,1.7,0.471,40.5,-15.5,1.67,67.7
0.45,0.15,0,0.0,at_extreme,34,1.7,0.471,40.5,-15.5,1.67,67.7
0.45,0.1,0,0.0,at_extreme,34,1.7,0.471,40.5,-15.5,1.67,67.7
0.2,0.1,0,0.0,at_extreme,34,1.7,0.471,40.5,-15.5,1.67,67.7
0.55,0.0,2,1.0,at_extreme,112,5.6,0.446,54.5,-41.2,1.24,67.4
0.55,0.0,0,1.5,at_extreme,95,4.8,0.453,50.0,-32.8,1.25,62.6
0.45,0.0,3,1.5,at_extreme,150,7.5,0.48,52.8,-51.5,1.16,61.0
0.55,0.0,3,1.5,at_extreme,83,4.2,0.482,46.8,-23.5,1.29,60.1
0.55,0.0,3,1.0,at_extreme,98,4.9,0.459,44.5,-29.5,1.22,54.4
0.55,0.05,0,1.0,trend_cons_60,34,1.7,0.382,35.5,-25.0,1.5,53.3
0.55,0.05,0,1.0,none,34,1.7,0.382,35.5,-25.0,1.5,53.3
0.55,0.1,0,1.0,none,34,1.7,0.382,35.5,-25.0,1.5,53.3
0.55,0.1,0,1.0,trend_cons_60,34,1.7,0.382,35.5,-25.0,1.5,53.3
0.55,0.15,0,1.0,trend_cons_60,34,1.7,0.382,35.5,-25.0,1.5,53.3
0.55,0.15,0,1.0,none,34,1.7,0.382,35.5,-25.0,1.5,53.3
0.55,0.2,0,1.0,none,34,1.7,0.382,35.5,-25.0,1.5,53.3
0.55,0.2,0,1.0,trend_cons_60,34,1.7,0.382,35.5,-25.0,1.5,53.3
0.55,0.0,0,0.0,at_extreme,145,7.2,0.421,37.0,-54.8,1.11,41.1
0.55,0.0,2,0.5,at_extreme,128,6.4,0.438,36.2,-42.8,1.13,41.1
0.55,0.2,0,0.0,none,40,2.0,0.425,29.0,-36.8,1.31,37.9
0.55,0.1,0,0.0,trend_cons_60,40,2.0,0.425,29.0,-36.8,1.31,37.9
0.55,0.15,0,0.0,none,40,2.0,0.425,29.0,-36.8,1.31,37.9
0.55,0.15,0,0.0,trend_cons_60,40,2.0,0.425,29.0,-36.8,1.31,37.9
0.55,0.05,0,0.0,none,40,2.0,0.425,29.0,-36.8,1.31,37.9
0.55,0.05,0,0.0,trend_cons_60,40,2.0,0.425,29.0,-36.8,1.31,37.9
0.55,0.1,0,0.0,none,40,2.0,0.425,29.0,-36.8,1.31,37.9
0.55,0.2,0,0.0,trend_cons_60,40,2.0,0.425,29.0,-36.8,1.31,37.9
0.55,0.0,0,1.0,none,140,7.0,0.393,32.0,-74.2,1.1,35.2
0.55,0.0,0,1.0,trend_cons_60,140,7.0,0.393,32.0,-74.2,1.1,35.2
0.55,0.0,2,1.5,at_extreme,89,4.5,0.461,27.5,-32.8,1.15,31.5
0.55,0.0,3,0.5,at_extreme,112,5.6,0.446,26.0,-32.0,1.11,28.8
0.55,0.1,0,0.5,trend_cons_60,38,1.9,0.368,20.0,-36.2,1.23,24.5
0.55,0.1,0,0.5,none,38,1.9,0.368,20.0,-36.2,1.23,24.5
0.55,0.15,0,0.5,trend_cons_60,38,1.9,0.368,20.0,-36.2,1.23,24.5
0.55,0.2,0,0.5,trend_cons_60,38,1.9,0.368,20.0,-36.2,1.23,24.5
0.55,0.2,0,0.5,none,38,1.9,0.368,20.0,-36.2,1.23,24.5
0.55,0.05,0,0.5,none,38,1.9,0.368,20.0,-36.2,1.23,24.5
0.55,0.05,0,0.5,trend_cons_60,38,1.9,0.368,20.0,-36.2,1.23,24.5
0.55,0.15,0,0.5,none,38,1.9,0.368,20.0,-36.2,1.23,24.5
0.5,0.05,0,0.0,at_extreme,29,1.4,0.414,13.8,-21.8,1.24,17.1
0.5,0.15,0,0.0,at_extreme,29,1.4,0.414,13.8,-21.8,1.24,17.1
0.5,0.1,0,0.0,at_extreme,29,1.4,0.414,13.8,-21.8,1.24,17.1
0.5,0.2,0,0.0,at_extreme,29,1.4,0.414,13.8,-21.8,1.24,17.1
0.55,0.0,0,1.5,none,116,5.8,0.414,14.8,-65.5,1.05,15.6
0.55,0.0,0,1.5,trend_cons_60,116,5.8,0.414,14.8,-65.5,1.05,15.6
0.45,0.1,2,0.0,at_extreme,20,1.0,0.5,10.2,-12.2,1.3,13.3
0.35,0.2,2,0.0,at_extreme,20,1.0,0.5,10.2,-12.2,1.3,13.3
0.2,0.05,2,0.0,at_extreme,20,1.0,0.5,10.2,-12.2,1.3,13.3
0.25,0.1,2,0.0,at_extreme,20,1.0,0.5,10.2,-12.2,1.3,13.3
0.4,0.15,2,0.0,at_extreme,20,1.0,0.5,10.2,-12.2,1.3,13.3
0.2,0.2,2,0.0,at_extreme,20,1.0,0.5,10.2,-12.2,1.3,13.3
0.4,0.1,2,0.0,at_extreme,20,1.0,0.5,10.2,-12.2,1.3,13.3
0.35,0.1,2,0.0,at_extreme,20,1.0,0.5,10.2,-12.2,1.3,13.3
0.3,0.2,2,0.0,at_extreme,20,1.0,0.5,10.2,-12.2,1.3,13.3
0.3,0.15,2,0.0,at_extreme,20,1.0,0.5,10.2,-12.2,1.3,13.3
0.25,0.15,2,0.0,at_extreme,20,1.0,0.5,10.2,-12.2,1.3,13.3
0.45,0.05,2,0.0,at_extreme,20,1.0,0.5,10.2,-12.2,1.3,13.3
0.35,0.05,2,0.0,at_extreme,20,1.0,0.5,10.2,-12.2,1.3,13.3
0.4,0.05,2,0.0,at_extreme,20,1.0,0.5,10.2,-12.2,1.3,13.3
0.3,0.05,2,0.0,at_extreme,20,1.0,0.5,10.2,-12.2,1.3,13.3
0.2,0.15,2,0.0,at_extreme,20,1.0,0.5,10.2,-12.2,1.3,13.3
0.4,0.2,2,0.0,at_extreme,20,1.0,0.5,10.2,-12.2,1.3,13.3
0.25,0.05,2,0.0,at_extreme,20,1.0,0.5,10.2,-12.2,1.3,13.3
0.45,0.15,2,0.0,at_extreme,20,1.0,0.5,10.2,-12.2,1.3,13.3
0.35,0.15,2,0.0,at_extreme,20,1.0,0.5,10.2,-12.2,1.3,13.3
0.2,0.1,2,0.0,at_extreme,20,1.0,0.5,10.2,-12.2,1.3,13.3
0.25,0.2,2,0.0,at_extreme,20,1.0,0.5,10.2,-12.2,1.3,13.3
0.45,0.2,2,0.0,at_extreme,20,1.0,0.5,10.2,-12.2,1.3,13.3
0.3,0.1,2,0.0,at_extreme,20,1.0,0.5,10.2,-12.2,1.3,13.3
0.5,0.15,0,0.0,vol_climax,23,1.1,0.391,10.2,-16.0,1.28,13.1
0.5,0.1,0,0.0,vol_climax,23,1.1,0.391,10.2,-16.0,1.28,13.1
0.5,0.05,0,0.0,vol_climax,23,1.1,0.391,10.2,-16.0,1.28,13.1
0.5,0.2,0,0.0,vol_climax,23,1.1,0.391,10.2,-16.0,1.28,13.1
0.55,0.05,0,1.5,trend_cons_60,29,1.4,0.379,10.8,-22.2,1.18,12.7
0.55,0.05,0,1.5,none,29,1.4,0.379,10.8,-22.2,1.18,12.7
0.55,0.1,0,1.5,trend_cons_60,29,1.4,0.379,10.8,-22.2,1.18,12.7
0.55,0.1,0,1.5,none,29,1.4,0.379,10.8,-22.2,1.18,12.7
0.55,0.2,0,1.5,none,29,1.4,0.379,10.8,-22.2,1.18,12.7
0.55,0.0,3,1.5,none,97,4.8,0.433,12.0,-46.8,1.06,12.7
0.55,0.15,0,1.5,trend_cons_60,29,1.4,0.379,10.8,-22.2,1.18,12.7
0.55,0.2,0,1.5,trend_cons_60,29,1.4,0.379,10.8,-22.2,1.18,12.7
0.55,0.0,3,1.5,trend_cons_60,97,4.8,0.433,12.0,-46.8,1.06,12.7
0.55,0.15,0,1.5,none,29,1.4,0.379,10.8,-22.2,1.18,12.7
0.35,0.2,0,0.0,vol_climax,24,1.2,0.375,9.8,-16.0,1.27,12.3
0.3,0.05,0,0.0,vol_climax,24,1.2,0.375,9.8,-16.0,1.27,12.3
0.3,0.1,0,0.0,vol_climax,24,1.2,0.375,9.8,-16.0,1.27,12.3
0.4,0.05,0,0.0,vol_climax,24,1.2,0.375,9.8,-16.0,1.27,12.3
0.2,0.15,0,0.0,vol_climax,24,1.2,0.375,9.8,-16.0,1.27,12.3
0.25,0.2,0,0.0,vol_climax,24,1.2,0.375,9.8,-16.0,1.27,12.3
0.2,0.05,0,0.0,vol_climax,24,1.2,0.375,9.8,-16.0,1.27,12.3
0.3,0.15,0,0.0,vol_climax,24,1.2,0.375,9.8,-16.0,1.27,12.3
0.45,0.1,0,0.0,vol_climax,24,1.2,0.375,9.8,-16.0,1.27,12.3
0.25,0.15,0,0.0,vol_climax,24,1.2,0.375,9.8,-16.0,1.27,12.3
0.2,0.1,0,0.0,vol_climax,24,1.2,0.375,9.8,-16.0,1.27,12.3
0.25,0.1,0,0.0,vol_climax,24,1.2,0.375,9.8,-16.0,1.27,12.3
0.3,0.2,0,0.0,vol_climax,24,1.2,0.375,9.8,-16.0,1.27,12.3
0.4,0.2,0,0.0,vol_climax,24,1.2,0.375,9.8,-16.0,1.27,12.3
0.45,0.2,0,0.0,vol_climax,24,1.2,0.375,9.8,-16.0,1.27,12.3
0.45,0.05,0,0.0,vol_climax,24,1.2,0.375,9.8,-16.0,1.27,12.3
0.2,0.2,0,0.0,vol_climax,24,1.2,0.375,9.8,-16.0,1.27,12.3
0.4,0.1,0,0.0,vol_climax,24,1.2,0.375,9.8,-16.0,1.27,12.3
0.35,0.1,0,0.0,vol_climax,24,1.2,0.375,9.8,-16.0,1.27,12.3
0.35,0.05,0,0.0,vol_climax,24,1.2,0.375,9.8,-16.0,1.27,12.3
0.25,0.05,0,0.0,vol_climax,24,1.2,0.375,9.8,-16.0,1.27,12.3
0.4,0.15,0,0.0,vol_climax,24,1.2,0.375,9.8,-16.0,1.27,12.3
0.35,0.15,0,0.0,vol_climax,24,1.2,0.375,9.8,-16.0,1.27,12.3
0.45,0.15,0,0.0,vol_climax,24,1.2,0.375,9.8,-16.0,1.27,12.3
0.4,0.0,4,1.5,trend_cons_60,154,7.7,0.416,8.8,-87.8,1.02,9.0
0.5,0.0,3,1.5,at_extreme,110,5.5,0.464,5.8,-52.2,1.02,5.9
0.55,0.05,0,0.0,vol_climax,20,1.0,0.35,5.0,-16.0,1.15,5.8
0.55,0.2,0,0.0,vol_climax,20,1.0,0.35,5.0,-16.0,1.15,5.8
0.4,0.0,4,1.5,none,155,7.8,0.413,5.8,-87.8,1.02,5.8
0.55,0.15,0,0.0,vol_climax,20,1.0,0.35,5.0,-16.0,1.15,5.8
0.55,0.1,0,0.0,vol_climax,20,1.0,0.35,5.0,-16.0,1.15,5.8
0.25,0.2,2,0.5,none,90,4.5,0.389,5.2,-46.5,1.02,5.4
0.2,0.15,2,0.5,none,90,4.5,0.389,5.2,-46.5,1.02,5.4
0.2,0.1,2,0.5,trend_cons_60,90,4.5,0.389,5.2,-46.5,1.02,5.4
0.2,0.1,2,0.5,none,90,4.5,0.389,5.2,-46.5,1.02,5.4
0.3,0.05,2,0.5,trend_cons_60,90,4.5,0.389,5.2,-46.5,1.02,5.4
0.3,0.05,2,0.5,none,90,4.5,0.389,5.2,-46.5,1.02,5.4
0.2,0.2,2,0.5,trend_cons_60,90,4.5,0.389,5.2,-46.5,1.02,5.4
0.2,0.15,2,0.5,trend_cons_60,90,4.5,0.389,5.2,-46.5,1.02,5.4
0.25,0.05,2,0.5,none,90,4.5,0.389,5.2,-46.5,1.02,5.4
0.25,0.05,2,0.5,trend_cons_60,90,4.5,0.389,5.2,-46.5,1.02,5.4
0.3,0.1,2,0.5,trend_cons_60,90,4.5,0.389,5.2,-46.5,1.02,5.4
0.3,0.1,2,0.5,none,90,4.5,0.389,5.2,-46.5,1.02,5.4
0.25,0.15,2,0.5,trend_cons_60,90,4.5,0.389,5.2,-46.5,1.02,5.4
0.25,0.15,2,0.5,none,90,4.5,0.389,5.2,-46.5,1.02,5.4
0.25,0.2,2,0.5,trend_cons_60,90,4.5,0.389,5.2,-46.5,1.02,5.4
0.2,0.2,2,0.5,none,90,4.5,0.389,5.2,-46.5,1.02,5.4
0.25,0.1,2,0.5,trend_cons_60,90,4.5,0.389,5.2,-46.5,1.02,5.4
0.25,0.1,2,0.5,none,90,4.5,0.389,5.2,-46.5,1.02,5.4
0.3,0.2,2,0.5,trend_cons_60,90,4.5,0.389,5.2,-46.5,1.02,5.4
0.3,0.2,2,0.5,none,90,4.5,0.389,5.2,-46.5,1.02,5.4
0.3,0.15,2,0.5,trend_cons_60,90,4.5,0.389,5.2,-46.5,1.02,5.4
0.3,0.15,2,0.5,none,90,4.5,0.389,5.2,-46.5,1.02,5.4
0.2,0.05,2,0.5,trend_cons_60,90,4.5,0.389,5.2,-46.5,1.02,5.4
0.2,0.05,2,0.5,none,90,4.5,0.389,5.2,-46.5,1.02,5.4
0.5,0.0,3,1.0,at_extreme,137,6.8,0.46,5.2,-50.8,1.02,5.3
0.25,0.15,0,0.5,vol_climax,20,1.0,0.35,3.2,-16.0,1.1,3.6
0.2,0.1,0,0.5,vol_climax,20,1.0,0.35,3.2,-16.0,1.1,3.6
0.45,0.1,0,0.5,vol_climax,20,1.0,0.35,3.2,-16.0,1.1,3.6
0.45,0.15,0,0.5,vol_climax,20,1.0,0.35,3.2,-16.0,1.1,3.6
0.25,0.1,0,0.5,vol_climax,20,1.0,0.35,3.2,-16.0,1.1,3.6
0.45,0.2,0,0.5,vol_climax,20,1.0,0.35,3.2,-16.0,1.1,3.6
0.3,0.15,0,0.5,vol_climax,20,1.0,0.35,3.2,-16.0,1.1,3.6
0.45,0.05,0,0.5,vol_climax,20,1.0,0.35,3.2,-16.0,1.1,3.6
0.3,0.2,0,0.5,vol_climax,20,1.0,0.35,3.2,-16.0,1.1,3.6
0.5,0.2,0,0.5,vol_climax,20,1.0,0.35,3.2,-16.0,1.1,3.6
0.5,0.15,0,0.5,vol_climax,20,1.0,0.35,3.2,-16.0,1.1,3.6
0.5,0.1,0,0.5,vol_climax,20,1.0,0.35,3.2,-16.0,1.1,3.6
0.35,0.2,0,0.5,vol_climax,20,1.0,0.35,3.2,-16.0,1.1,3.6
0.2,0.15,0,0.5,vol_climax,20,1.0,0.35,3.2,-16.0,1.1,3.6
0.4,0.05,0,0.5,vol_climax,20,1.0,0.35,3.2,-16.0,1.1,3.6
0.5,0.05,0,0.5,vol_climax,20,1.0,0.35,3.2,-16.0,1.1,3.6
0.25,0.2,0,0.5,vol_climax,20,1.0,0.35,3.2,-16.0,1.1,3.6
0.2,0.05,0,0.5,vol_climax,20,1.0,0.35,3.2,-16.0,1.1,3.6
0.3,0.05,0,0.5,vol_climax,20,1.0,0.35,3.2,-16.0,1.1,3.6
0.2,0.2,0,0.5,vol_climax,20,1.0,0.35,3.2,-16.0,1.1,3.6
0.35,0.05,0,0.5,vol_climax,20,1.0,0.35,3.2,-16.0,1.1,3.6
0.35,0.1,0,0.5,vol_climax,20,1.0,0.35,3.2,-16.0,1.1,3.6
0.4,0.1,0,0.5,vol_climax,20,1.0,0.35,3.2,-16.0,1.1,3.6
0.35,0.15,0,0.5,vol_climax,20,1.0,0.35,3.2,-16.0,1.1,3.6
0.4,0.15,0,0.5,vol_climax,20,1.0,0.35,3.2,-16.0,1.1,3.6
0.25,0.05,0,0.5,vol_climax,20,1.0,0.35,3.2,-16.0,1.1,3.6
0.4,0.2,0,0.5,vol_climax,20,1.0,0.35,3.2,-16.0,1.1,3.6
0.3,0.1,0,0.5,vol_climax,20,1.0,0.35,3.2,-16.0,1.1,3.6
0.55,0.15,2,1.0,none,27,1.4,0.407,2.0,-26.8,1.03,2.1
0.55,0.05,2,1.0,none,27,1.4,0.407,2.0,-26.8,1.03,2.1
0.55,0.2,2,1.0,trend_cons_60,27,1.4,0.407,2.0,-26.8,1.03,2.1
0.55,0.15,2,1.0,trend_cons_60,27,1.4,0.407,2.0,-26.8,1.03,2.1
0.55,0.1,2,1.0,trend_cons_60,27,1.4,0.407,2.0,-26.8,1.03,2.1
0.55,0.2,2,1.0,none,27,1.4,0.407,2.0,-26.8,1.03,2.1
0.55,0.1,2,1.0,none,27,1.4,0.407,2.0,-26.8,1.03,2.1
0.55,0.05,2,1.0,trend_cons_60,27,1.4,0.407,2.0,-26.8,1.03,2.1
0.55,0.2,2,0.0,none,34,1.7,0.471,1.5,-36.2,1.02,1.5
0.55,0.1,2,0.0,trend_cons_60,34,1.7,0.471,1.5,-36.2,1.02,1.5
0.55,0.1,2,0.0,none,34,1.7,0.471,1.5,-36.2,1.02,1.5
0.55,0.05,2,0.0,none,34,1.7,0.471,1.5,-36.2,1.02,1.5
0.55,0.2,2,0.0,trend_cons_60,34,1.7,0.471,1.5,-36.2,1.02,1.5
0.55,0.15,2,0.0,trend_cons_60,34,1.7,0.471,1.5,-36.2,1.02,1.5
0.55,0.15,2,0.0,none,34,1.7,0.471,1.5,-36.2,1.02,1.5
0.55,0.05,2,0.0,trend_cons_60,34,1.7,0.471,1.5,-36.2,1.02,1.5
0.55,0.0,2,0.0,at_extreme,137,6.8,0.423,-1.0,-48.5,1.0,-1.0
0.5,0.0,0,1.5,at_extreme,129,6.5,0.45,-5.0,-65.8,0.98,-5.1
0.55,0.0,0,0.5,none,158,7.9,0.38,-7.5,-76.8,0.98,-7.6
0.55,0.0,0,0.5,trend_cons_60,158,7.9,0.38,-7.5,-76.8,0.98,-7.6
0.5,0.0,3,1.5,none,137,6.8,0.438,-7.5,-65.8,0.98,-7.7
0.5,0.0,3,1.5,trend_cons_60,137,6.8,0.438,-7.5,-65.8,0.98,-7.7
0.55,0.2,2,0.5,none,32,1.6,0.406,-7.5,-38.2,0.9,-8.4
0.55,0.1,2,0.5,none,32,1.6,0.406,-7.5,-38.2,0.9,-8.4
0.55,0.15,2,0.5,trend_cons_60,32,1.6,0.406,-7.5,-38.2,0.9,-8.4
0.55,0.1,2,0.5,trend_cons_60,32,1.6,0.406,-7.5,-38.2,0.9,-8.4
0.55,0.15,2,0.5,none,32,1.6,0.406,-7.5,-38.2,0.9,-8.4
0.5,0.0,2,1.0,at_extreme,158,7.9,0.449,-8.2,-65.8,0.98,-8.4
0.55,0.05,2,0.5,none,32,1.6,0.406,-7.5,-38.2,0.9,-8.4
0.55,0.05,2,0.5,trend_cons_60,32,1.6,0.406,-7.5,-38.2,0.9,-8.4
0.55,0.2,2,0.5,trend_cons_60,32,1.6,0.406,-7.5,-38.2,0.9,-8.4
0.35,0.15,2,0.5,none,88,4.4,0.375,-9.0,-48.2,0.96,-9.4
0.35,0.15,2,0.5,trend_cons_60,88,4.4,0.375,-9.0,-48.2,0.96,-9.4
0.35,0.2,2,0.5,trend_cons_60,88,4.4,0.375,-9.0,-48.2,0.96,-9.4
0.35,0.2,2,0.5,none,88,4.4,0.375,-9.0,-48.2,0.96,-9.4
0.35,0.1,2,0.5,trend_cons_60,88,4.4,0.375,-9.0,-48.2,0.96,-9.4
0.35,0.1,2,0.5,none,88,4.4,0.375,-9.0,-48.2,0.96,-9.4
0.35,0.05,2,0.5,trend_cons_60,88,4.4,0.375,-9.0,-48.2,0.96,-9.4
0.35,0.05,2,0.5,none,88,4.4,0.375,-9.0,-48.2,0.96,-9.4
0.55,0.1,2,1.5,none,24,1.2,0.417,-8.5,-20.2,0.84,-10.1
0.55,0.1,2,1.5,trend_cons_60,24,1.2,0.417,-8.5,-20.2,0.84,-10.1
0.55,0.05,2,1.5,trend_cons_60,24,1.2,0.417,-8.5,-20.2,0.84,-10.1
0.55,0.05,2,1.5,none,24,1.2,0.417,-8.5,-20.2,0.84,-10.1
0.55,0.15,2,1.5,trend_cons_60,24,1.2,0.417,-8.5,-20.2,0.84,-10.1
0.55,0.15,2,1.5,none,24,1.2,0.417,-8.5,-20.2,0.84,-10.1
0.55,0.2,2,1.5,none,24,1.2,0.417,-8.5,-20.2,0.84,-10.1
0.55,0.2,2,1.5,trend_cons_60,24,1.2,0.417,-8.5,-20.2,0.84,-10.1
0.55,0.0,2,1.0,trend_cons_60,134,6.7,0.396,-10.8,-67.5,0.97,-11.1
0.55,0.0,2,1.0,none,134,6.7,0.396,-10.8,-67.5,0.97,-11.1
0.5,0.05,0,1.5,none,38,1.9,0.368,-10.2,-33.8,0.89,-11.5
0.5,0.1,0,1.5,none,38,1.9,0.368,-10.2,-33.8,0.89,-11.5
0.5,0.15,0,1.5,trend_cons_60,38,1.9,0.368,-10.2,-33.8,0.89,-11.5
0.5,0.15,0,1.5,none,38,1.9,0.368,-10.2,-33.8,0.89,-11.5
0.5,0.2,0,1.5,trend_cons_60,38,1.9,0.368,-10.2,-33.8,0.89,-11.5
0.5,0.05,0,1.5,trend_cons_60,38,1.9,0.368,-10.2,-33.8,0.89,-11.5
0.5,0.1,0,1.5,trend_cons_60,38,1.9,0.368,-10.2,-33.8,0.89,-11.5
0.5,0.2,0,1.5,none,38,1.9,0.368,-10.2,-33.8,0.89,-11.5
0.55,0.0,4,1.5,at_extreme,70,3.5,0.414,-11.8,-43.8,0.92,-12.7
0.5,0.0,3,0.5,at_extreme,156,7.8,0.449,-12.5,-62.5,0.97,-13.0
0.55,0.0,3,0.0,at_extreme,120,6.0,0.425,-13.2,-43.2,0.95,-13.9
0.25,0.0,0,1.5,vol_climax,111,5.5,0.36,-13.5,-55.0,0.95,-14.1
0.35,0.0,0,1.5,vol_climax,111,5.5,0.36,-13.5,-55.0,0.95,-14.1
0.3,0.0,0,1.5,vol_climax,111,5.5,0.36,-13.5,-55.0,0.95,-14.1
0.4,0.0,0,1.5,vol_climax,111,5.5,0.36,-13.5,-55.0,0.95,-14.1
0.2,0.0,0,1.5,vol_climax,111,5.5,0.36,-13.5,-55.0,0.95,-14.1
0.55,0.0,2,1.5,trend_cons_60,112,5.6,0.42,-13.8,-61.5,0.95,-14.5
0.55,0.0,2,1.5,none,112,5.6,0.42,-13.8,-61.5,0.95,-14.5
0.55,0.0,3,1.0,none,112,5.6,0.393,-14.5,-50.2,0.94,-15.4
0.55,0.0,3,1.0,trend_cons_60,112,5.6,0.393,-14.5,-50.2,0.94,-15.4
0.5,0.05,0,0.5,none,56,2.8,0.375,-14.5,-35.5,0.89,-16.3
0.5,0.05,0,0.5,trend_cons_60,56,2.8,0.375,-14.5,-35.5,0.89,-16.3
0.5,0.15,0,0.5,none,56,2.8,0.375,-14.5,-35.5,0.89,-16.3
0.5,0.2,0,0.5,trend_cons_60,56,2.8,0.375,-14.5,-35.5,0.89,-16.3
0.5,0.15,0,0.5,trend_cons_60,56,2.8,0.375,-14.5,-35.5,0.89,-16.3
0.5,0.1,0,0.5,trend_cons_60,56,2.8,0.375,-14.5,-35.5,0.89,-16.3
0.5,0.2,0,0.5,none,56,2.8,0.375,-14.5,-35.5,0.89,-16.3
0.5,0.1,0,0.5,none,56,2.8,0.375,-14.5,-35.5,0.89,-16.3
0.5,0.05,3,0.5,none,29,1.4,0.345,-13.0,-23.2,0.78,-16.6
0.5,0.2,3,0.5,trend_cons_60,29,1.4,0.345,-13.0,-23.2,0.78,-16.6
0.5,0.2,3,0.5,none,29,1.4,0.345,-13.0,-23.2,0.78,-16.6
0.5,0.1,3,0.5,trend_cons_60,29,1.4,0.345,-13.0,-23.2,0.78,-16.6
0.5,0.15,3,0.5,none,29,1.4,0.345,-13.0,-23.2,0.78,-16.6
0.5,0.15,3,0.5,trend_cons_60,29,1.4,0.345,-13.0,-23.2,0.78,-16.6
0.5,0.1,3,0.5,none,29,1.4,0.345,-13.0,-23.2,0.78,-16.6
0.5,0.05,3,0.5,trend_cons_60,29,1.4,0.345,-13.0,-23.2,0.78,-16.6
0.5,0.15,0,1.0,trend_cons_60,48,2.4,0.354,-15.2,-31.8,0.87,-17.5
0.5,0.05,0,1.0,none,48,2.4,0.354,-15.2,-31.8,0.87,-17.5
0.5,0.05,0,1.0,trend_cons_60,48,2.4,0.354,-15.2,-31.8,0.87,-17.5
0.5,0.2,0,1.0,trend_cons_60,48,2.4,0.354,-15.2,-31.8,0.87,-17.5
0.5,0.1,0,1.0,none,48,2.4,0.354,-15.2,-31.8,0.87,-17.5
0.5,0.1,0,1.0,trend_cons_60,48,2.4,0.354,-15.2,-31.8,0.87,-17.5
0.5,0.15,0,1.0,none,48,2.4,0.354,-15.2,-31.8,0.87,-17.5
0.5,0.2,0,1.0,none,48,2.4,0.354,-15.2,-31.8,0.87,-17.5
0.25,0.2,4,0.5,none,23,1.1,0.348,-13.0,-31.0,0.73,-17.8
0.25,0.15,4,0.5,none,23,1.1,0.348,-13.0,-31.0,0.73,-17.8
0.3,0.1,4,0.5,trend_cons_60,23,1.1,0.348,-13.0,-31.0,0.73,-17.8
0.3,0.1,4,0.5,none,23,1.1,0.348,-13.0,-31.0,0.73,-17.8
0.25,0.1,4,0.5,none,23,1.1,0.348,-13.0,-31.0,0.73,-17.8
0.25,0.1,4,0.5,trend_cons_60,23,1.1,0.348,-13.0,-31.0,0.73,-17.8
0.3,0.2,4,0.5,trend_cons_60,23,1.1,0.348,-13.0,-31.0,0.73,-17.8
0.25,0.05,4,0.5,none,23,1.1,0.348,-13.0,-31.0,0.73,-17.8
0.25,0.05,4,0.5,trend_cons_60,23,1.1,0.348,-13.0,-31.0,0.73,-17.8
0.3,0.15,4,0.5,trend_cons_60,23,1.1,0.348,-13.0,-31.0,0.73,-17.8
0.3,0.15,4,0.5,none,23,1.1,0.348,-13.0,-31.0,0.73,-17.8
0.4,0.2,4,0.5,none,23,1.1,0.348,-13.0,-31.0,0.73,-17.8
0.4,0.2,4,0.5,trend_cons_60,23,1.1,0.348,-13.0,-31.0,0.73,-17.8
0.4,0.15,4,0.5,trend_cons_60,23,1.1,0.348,-13.0,-31.0,0.73,-17.8
0.4,0.1,4,0.5,trend_cons_60,23,1.1,0.348,-13.0,-31.0,0.73,-17.8
0.4,0.15,4,0.5,none,23,1.1,0.348,-13.0,-31.0,0.73,-17.8
0.35,0.05,4,0.5,trend_cons_60,23,1.1,0.348,-13.0,-31.0,0.73,-17.8
0.4,0.05,4,0.5,none,23,1.1,0.348,-13.0,-31.0,0.73,-17.8
0.35,0.1,4,0.5,none,23,1.1,0.348,-13.0,-31.0,0.73,-17.8
0.2,0.2,4,0.5,trend_cons_60,23,1.1,0.348,-13.0,-31.0,0.73,-17.8
0.2,0.2,4,0.5,none,23,1.1,0.348,-13.0,-31.0,0.73,-17.8
0.4,0.05,4,0.5,trend_cons_60,23,1.1,0.348,-13.0,-31.0,0.73,-17.8
0.35,0.15,4,0.5,trend_cons_60,23,1.1,0.348,-13.0,-31.0,0.73,-17.8
0.2,0.15,4,0.5,none,23,1.1,0.348,-13.0,-31.0,0.73,-17.8
0.2,0.1,4,0.5,trend_cons_60,23,1.1,0.348,-13.0,-31.0,0.73,-17.8
0.2,0.15,4,0.5,trend_cons_60,23,1.1,0.348,-13.0,-31.0,0.73,-17.8
0.4,0.1,4,0.5,none,23,1.1,0.348,-13.0,-31.0,0.73,-17.8
0.35,0.05,4,0.5,none,23,1.1,0.348,-13.0,-31.0,0.73,-17.8
0.25,0.15,4,0.5,trend_cons_60,23,1.1,0.348,-13.0,-31.0,0.73,-17.8
0.3,0.2,4,0.5,none,23,1.1,0.348,-13.0,-31.0,0.73,-17.8
0.3,0.05,4,0.5,trend_cons_60,23,1.1,0.348,-13.0,-31.0,0.73,-17.8
0.25,0.2,4,0.5,trend_cons_60,23,1.1,0.348,-13.0,-31.0,0.73,-17.8
0.3,0.05,4,0.5,none,23,1.1,0.348,-13.0,-31.0,0.73,-17.8
0.35,0.15,4,0.5,none,23,1.1,0.348,-13.0,-31.0,0.73,-17.8
0.35,0.1,4,0.5,trend_cons_60,23,1.1,0.348,-13.0,-31.0,0.73,-17.8
0.35,0.2,4,0.5,trend_cons_60,23,1.1,0.348,-13.0,-31.0,0.73,-17.8
0.2,0.05,4,0.5,trend_cons_60,23,1.1,0.348,-13.0,-31.0,0.73,-17.8
0.2,0.1,4,0.5,none,23,1.1,0.348,-13.0,-31.0,0.73,-17.8
0.2,0.05,4,0.5,none,23,1.1,0.348,-13.0,-31.0,0.73,-17.8
0.35,0.2,4,0.5,none,23,1.1,0.348,-13.0,-31.0,0.73,-17.8
0.5,0.2,3,1.0,trend_cons_60,24,1.2,0.333,-14.0,-21.5,0.73,-19.1
0.5,0.05,3,1.0,none,24,1.2,0.333,-14.0,-21.5,0.73,-19.1
0.5,0.2,3,1.0,none,24,1.2,0.333,-14.0,-21.5,0.73,-19.1
0.5,0.15,3,1.0,none,24,1.2,0.333,-14.0,-21.5,0.73,-19.1
0.5,0.15,3,1.0,trend_cons_60,24,1.2,0.333,-14.0,-21.5,0.73,-19.1
0.5,0.1,3,1.0,none,24,1.2,0.333,-14.0,-21.5,0.73,-19.1
0.5,0.05,3,1.0,trend_cons_60,24,1.2,0.333,-14.0,-21.5,0.73,-19.1
0.5,0.1,3,1.0,trend_cons_60,24,1.2,0.333,-14.0,-21.5,0.73,-19.1
0.5,0.0,2,1.5,at_extreme,122,6.1,0.459,-24.5,-65.0,0.91,-26.8
0.5,0.2,3,0.0,trend_cons_60,36,1.8,0.389,-20.2,-30.5,0.75,-27.1
0.5,0.2,3,0.0,none,36,1.8,0.389,-20.2,-30.5,0.75,-27.1
0.5,0.15,3,0.0,none,36,1.8,0.389,-20.2,-30.5,0.75,-27.1
0.5,0.15,3,0.0,trend_cons_60,36,1.8,0.389,-20.2,-30.5,0.75,-27.1
0.5,0.1,3,0.0,none,36,1.8,0.389,-20.2,-30.5,0.75,-27.1
0.5,0.05,3,0.0,trend_cons_60,36,1.8,0.389,-20.2,-30.5,0.75,-27.1
0.5,0.05,3,0.0,none,36,1.8,0.389,-20.2,-30.5,0.75,-27.1
0.5,0.1,3,0.0,trend_cons_60,36,1.8,0.389,-20.2,-30.5,0.75,-27.1
0.55,0.0,4,1.0,at_extreme,83,4.2,0.386,-25.0,-52.5,0.87,-28.7
0.3,0.2,3,1.0,none,34,1.7,0.294,-21.5,-32.8,0.73,-29.4
0.3,0.05,3,1.0,trend_cons_60,34,1.7,0.294,-21.5,-32.8,0.73,-29.4
0.25,0.2,3,1.0,none,34,1.7,0.294,-21.5,-32.8,0.73,-29.4
0.3,0.05,3,1.0,none,34,1.7,0.294,-21.5,-32.8,0.73,-29.4
0.2,0.05,3,1.0,none,34,1.7,0.294,-21.5,-32.8,0.73,-29.4
0.25,0.1,3,1.0,none,34,1.7,0.294,-21.5,-32.8,0.73,-29.4
0.25,0.1,3,1.0,trend_cons_60,34,1.7,0.294,-21.5,-32.8,0.73,-29.4
0.25,0.2,3,1.0,trend_cons_60,34,1.7,0.294,-21.5,-32.8,0.73,-29.4
0.3,0.2,3,1.0,trend_cons_60,34,1.7,0.294,-21.5,-32.8,0.73,-29.4
0.25,0.05,3,1.0,none,34,1.7,0.294,-21.5,-32.8,0.73,-29.4
0.25,0.05,3,1.0,trend_cons_60,34,1.7,0.294,-21.5,-32.8,0.73,-29.4
0.3,0.15,3,1.0,trend_cons_60,34,1.7,0.294,-21.5,-32.8,0.73,-29.4
0.25,0.15,3,1.0,trend_cons_60,34,1.7,0.294,-21.5,-32.8,0.73,-29.4
0.3,0.15,3,1.0,none,34,1.7,0.294,-21.5,-32.8,0.73,-29.4
0.3,0.1,3,1.0,trend_cons_60,34,1.7,0.294,-21.5,-32.8,0.73,-29.4
0.3,0.1,3,1.0,none,34,1.7,0.294,-21.5,-32.8,0.73,-29.4
0.25,0.15,3,1.0,none,34,1.7,0.294,-21.5,-32.8,0.73,-29.4
0.2,0.15,3,1.0,trend_cons_60,34,1.7,0.294,-21.5,-32.8,0.73,-29.4
0.35,0.2,3,1.0,trend_cons_60,34,1.7,0.294,-21.5,-32.8,0.73,-29.4
0.35,0.15,3,1.0,trend_cons_60,34,1.7,0.294,-21.5,-32.8,0.73,-29.4
0.2,0.05,3,1.0,trend_cons_60,34,1.7,0.294,-21.5,-32.8,0.73,-29.4
0.2,0.1,3,1.0,none,34,1.7,0.294,-21.5,-32.8,0.73,-29.4
0.4,0.15,3,1.0,trend_cons_60,34,1.7,0.294,-21.5,-32.8,0.73,-29.4
0.4,0.1,3,1.0,trend_cons_60,34,1.7,0.294,-21.5,-32.8,0.73,-29.4
0.2,0.2,3,1.0,none,34,1.7,0.294,-21.5,-32.8,0.73,-29.4
0.2,0.2,3,1.0,trend_cons_60,34,1.7,0.294,-21.5,-32.8,0.73,-29.4
0.4,0.15,3,1.0,none,34,1.7,0.294,-21.5,-32.8,0.73,-29.4
0.35,0.05,3,1.0,trend_cons_60,34,1.7,0.294,-21.5,-32.8,0.73,-29.4
0.35,0.05,3,1.0,none,34,1.7,0.294,-21.5,-32.8,0.73,-29.4
0.4,0.2,3,1.0,trend_cons_60,34,1.7,0.294,-21.5,-32.8,0.73,-29.4
0.2,0.15,3,1.0,none,34,1.7,0.294,-21.5,-32.8,0.73,-29.4
0.2,0.1,3,1.0,trend_cons_60,34,1.7,0.294,-21.5,-32.8,0.73,-29.4
0.35,0.15,3,1.0,none,34,1.7,0.294,-21.5,-32.8,0.73,-29.4
0.35,0.1,3,1.0,trend_cons_60,34,1.7,0.294,-21.5,-32.8,0.73,-29.4
0.35,0.1,3,1.0,none,34,1.7,0.294,-21.5,-32.8,0.73,-29.4
0.4,0.05,3,1.0,none,34,1.7,0.294,-21.5,-32.8,0.73,-29.4
0.4,0.05,3,1.0,trend_cons_60,34,1.7,0.294,-21.5,-32.8,0.73,-29.4
0.4,0.1,3,1.0,none,34,1.7,0.294,-21.5,-32.8,0.73,-29.4
0.4,0.2,3,1.0,none,34,1.7,0.294,-21.5,-32.8,0.73,-29.4
0.35,0.2,3,1.0,none,34,1.7,0.294,-21.5,-32.8,0.73,-29.4
0.45,0.0,4,1.5,trend_cons_60,133,6.7,0.406,-30.5,-75.5,0.91,-33.6
0.5,0.1,4,0.0,trend_cons_60,25,1.2,0.4,-21.5,-28.8,0.61,-35.1
0.5,0.05,4,0.0,trend_cons_60,25,1.2,0.4,-21.5,-28.8,0.61,-35.1
0.5,0.1,4,0.0,none,25,1.2,0.4,-21.5,-28.8,0.61,-35.1
0.5,0.05,4,0.0,none,25,1.2,0.4,-21.5,-28.8,0.61,-35.1
0.5,0.15,4,0.0,trend_cons_60,25,1.2,0.4,-21.5,-28.8,0.61,-35.1
0.5,0.2,4,0.0,none,25,1.2,0.4,-21.5,-28.8,0.61,-35.1
0.5,0.2,4,0.0,trend_cons_60,25,1.2,0.4,-21.5,-28.8,0.61,-35.1
0.5,0.15,4,0.0,none,25,1.2,0.4,-21.5,-28.8,0.61,-35.1
0.4,0.1,2,0.5,none,81,4.0,0.358,-30.8,-52.0,0.85,-36.2
0.4,0.15,2,0.5,trend_cons_60,81,4.0,0.358,-30.8,-52.0,0.85,-36.2
0.4,0.2,2,0.5,none,81,4.0,0.358,-30.8,-52.0,0.85,-36.2
0.4,0.2,2,0.5,trend_cons_60,81,4.0,0.358,-30.8,-52.0,0.85,-36.2
0.4,0.15,2,0.5,none,81,4.0,0.358,-30.8,-52.0,0.85,-36.2
0.4,0.1,2,0.5,trend_cons_60,81,4.0,0.358,-30.8,-52.0,0.85,-36.2
0.4,0.05,2,0.5,trend_cons_60,81,4.0,0.358,-30.8,-52.0,0.85,-36.2
0.4,0.05,2,0.5,none,81,4.0,0.358,-30.8,-52.0,0.85,-36.2
0.45,0.0,4,1.5,none,134,6.7,0.403,-33.5,-75.5,0.9,-37.2
0.2,0.0,4,1.5,at_extreme,107,5.3,0.421,-34.2,-72.0,0.87,-39.3
0.25,0.0,4,1.5,at_extreme,107,5.3,0.421,-34.2,-72.0,0.87,-39.3
0.35,0.0,4,1.5,at_extreme,107,5.3,0.421,-34.2,-72.0,0.87,-39.3
0.3,0.0,4,1.5,at_extreme,107,5.3,0.421,-34.2,-72.0,0.87,-39.3
0.45,0.0,0,1.5,vol_climax,105,5.2,0.333,-36.5,-47.2,0.87,-41.8
0.5,0.0,4,1.5,at_extreme,91,4.5,0.396,-36.2,-63.2,0.84,-43.0
0.45,0.15,3,1.0,trend_cons_60,30,1.5,0.3,-27.8,-39.0,0.62,-44.6
0.45,0.1,3,1.0,trend_cons_60,30,1.5,0.3,-27.8,-39.0,0.62,-44.6
0.45,0.2,3,1.0,none,30,1.5,0.3,-27.8,-39.0,0.62,-44.6
0.45,0.15,3,1.0,none,30,1.5,0.3,-27.8,-39.0,0.62,-44.6
0.45,0.1,3,1.0,none,30,1.5,0.3,-27.8,-39.0,0.62,-44.6
0.45,0.2,3,1.0,trend_cons_60,30,1.5,0.3,-27.8,-39.0,0.62,-44.6
0.45,0.05,3,1.0,trend_cons_60,30,1.5,0.3,-27.8,-39.0,0.62,-44.6
0.45,0.05,3,1.0,none,30,1.5,0.3,-27.8,-39.0,0.62,-44.6
0.4,0.0,4,1.5,at_extreme,108,5.4,0.417,-39.2,-72.0,0.85,-45.9
0.55,0.0,3,0.5,trend_cons_60,126,6.3,0.381,-41.8,-55.8,0.86,-48.4
0.55,0.0,3,0.5,none,126,6.3,0.381,-41.8,-55.8,0.86,-48.4
0.55,0.0,4,0.5,at_extreme,96,4.8,0.385,-40.2,-51.0,0.83,-48.7
0.5,0.1,2,0.5,trend_cons_60,48,2.4,0.375,-35.8,-56.0,0.71,-50.5
0.5,0.05,2,0.5,none,48,2.4,0.375,-35.8,-56.0,0.71,-50.5
0.5,0.15,2,0.5,none,48,2.4,0.375,-35.8,-56.0,0.71,-50.5
0.5,0.1,2,0.5,none,48,2.4,0.375,-35.8,-56.0,0.71,-50.5
0.5,0.05,2,0.5,trend_cons_60,48,2.4,0.375,-35.8,-56.0,0.71,-50.5
0.5,0.15,2,0.5,trend_cons_60,48,2.4,0.375,-35.8,-56.0,0.71,-50.5
0.5,0.2,2,0.5,none,48,2.4,0.375,-35.8,-56.0,0.71,-50.5
0.5,0.2,2,0.5,trend_cons_60,48,2.4,0.375,-35.8,-56.0,0.71,-50.5
0.55,0.0,2,0.5,trend_cons_60,151,7.5,0.384,-45.8,-90.2,0.87,-52.3
0.55,0.0,2,0.5,none,151,7.5,0.384,-45.8,-90.2,0.87,-52.3
0.45,0.0,4,1.5,at_extreme,107,5.3,0.411,-44.0,-72.0,0.84,-52.6
0.45,0.05,4,0.5,none,22,1.1,0.318,-26.0,-37.2,0.46,-56.0
0.45,0.1,4,0.5,none,22,1.1,0.318,-26.0,-37.2,0.46,-56.0
0.45,0.15,4,0.5,none,22,1.1,0.318,-26.0,-37.2,0.46,-56.0
0.45,0.2,4,0.5,none,22,1.1,0.318,-26.0,-37.2,0.46,-56.0
0.45,0.2,4,0.5,trend_cons_60,22,1.1,0.318,-26.0,-37.2,0.46,-56.0
0.45,0.15,4,0.5,trend_cons_60,22,1.1,0.318,-26.0,-37.2,0.46,-56.0
0.45,0.1,4,0.5,trend_cons_60,22,1.1,0.318,-26.0,-37.2,0.46,-56.0
0.45,0.05,4,0.5,trend_cons_60,22,1.1,0.318,-26.0,-37.2,0.46,-56.0
0.5,0.0,4,1.0,at_extreme,112,5.6,0.384,-47.2,-63.2,0.83,-57.0
0.25,0.15,3,0.5,none,52,2.6,0.327,-39.5,-59.8,0.66,-59.7
0.2,0.05,3,0.5,trend_cons_60,52,2.6,0.327,-39.5,-59.8,0.66,-59.7
0.25,0.05,3,0.5,trend_cons_60,52,2.6,0.327,-39.5,-59.8,0.66,-59.7
0.25,0.1,3,0.5,none,52,2.6,0.327,-39.5,-59.8,0.66,-59.7
0.25,0.1,3,0.5,trend_cons_60,52,2.6,0.327,-39.5,-59.8,0.66,-59.7
0.3,0.15,3,0.5,trend_cons_60,52,2.6,0.327,-39.5,-59.8,0.66,-59.7
0.25,0.15,3,0.5,trend_cons_60,52,2.6,0.327,-39.5,-59.8,0.66,-59.7
0.3,0.1,3,0.5,none,52,2.6,0.327,-39.5,-59.8,0.66,-59.7
0.3,0.15,3,0.5,none,52,2.6,0.327,-39.5,-59.8,0.66,-59.7
0.3,0.05,3,0.5,none,52,2.6,0.327,-39.5,-59.8,0.66,-59.7
0.3,0.05,3,0.5,trend_cons_60,52,2.6,0.327,-39.5,-59.8,0.66,-59.7
0.25,0.2,3,0.5,trend_cons_60,52,2.6,0.327,-39.5,-59.8,0.66,-59.7
0.25,0.2,3,0.5,none,52,2.6,0.327,-39.5,-59.8,0.66,-59.7
0.3,0.1,3,0.5,trend_cons_60,52,2.6,0.327,-39.5,-59.8,0.66,-59.7
0.3,0.2,3,0.5,none,52,2.6,0.327,-39.5,-59.8,0.66,-59.7
0.2,0.2,3,0.5,none,52,2.6,0.327,-39.5,-59.8,0.66,-59.7
0.35,0.05,3,0.5,none,52,2.6,0.327,-39.5,-59.8,0.66,-59.7
0.35,0.2,3,0.5,trend_cons_60,52,2.6,0.327,-39.5,-59.8,0.66,-59.7
0.2,0.05,3,0.5,none,52,2.6,0.327,-39.5,-59.8,0.66,-59.7
0.2,0.1,3,0.5,none,52,2.6,0.327,-39.5,-59.8,0.66,-59.7
0.2,0.1,3,0.5,trend_cons_60,52,2.6,0.327,-39.5,-59.8,0.66,-59.7
0.35,0.15,3,0.5,trend_cons_60,52,2.6,0.327,-39.5,-59.8,0.66,-59.7
0.35,0.15,3,0.5,none,52,2.6,0.327,-39.5,-59.8,0.66,-59.7
0.2,0.15,3,0.5,none,52,2.6,0.327,-39.5,-59.8,0.66,-59.7
0.2,0.15,3,0.5,trend_cons_60,52,2.6,0.327,-39.5,-59.8,0.66,-59.7
0.35,0.05,3,0.5,trend_cons_60,52,2.6,0.327,-39.5,-59.8,0.66,-59.7
0.35,0.2,3,0.5,none,52,2.6,0.327,-39.5,-59.8,0.66,-59.7
0.25,0.05,3,0.5,none,52,2.6,0.327,-39.5,-59.8,0.66,-59.7
0.3,0.2,3,0.5,trend_cons_60,52,2.6,0.327,-39.5,-59.8,0.66,-59.7
0.35,0.1,3,0.5,none,52,2.6,0.327,-39.5,-59.8,0.66,-59.7
0.2,0.2,3,0.5,trend_cons_60,52,2.6,0.327,-39.5,-59.8,0.66,-59.7
0.35,0.1,3,0.5,trend_cons_60,52,2.6,0.327,-39.5,-59.8,0.66,-59.7
0.4,0.2,3,0.5,trend_cons_60,50,2.5,0.3,-40.0,-60.2,0.65,-61.8
0.4,0.15,3,0.5,trend_cons_60,50,2.5,0.3,-40.0,-60.2,0.65,-61.8
0.4,0.2,3,0.5,none,50,2.5,0.3,-40.0,-60.2,0.65,-61.8
0.4,0.05,3,0.5,trend_cons_60,50,2.5,0.3,-40.0,-60.2,0.65,-61.8
0.4,0.05,3,0.5,none,50,2.5,0.3,-40.0,-60.2,0.65,-61.8
0.4,0.1,3,0.5,none,50,2.5,0.3,-40.0,-60.2,0.65,-61.8
0.4,0.15,3,0.5,none,50,2.5,0.3,-40.0,-60.2,0.65,-61.8
0.4,0.1,3,0.5,trend_cons_60,50,2.5,0.3,-40.0,-60.2,0.65,-61.8
0.5,0.0,0,1.5,vol_climax,79,4.0,0.329,-49.0,-51.2,0.77,-63.6
0.4,0.15,0,0.5,none,114,5.7,0.368,-52.2,-70.5,0.81,-64.2
0.4,0.15,0,0.5,trend_cons_60,114,5.7,0.368,-52.2,-70.5,0.81,-64.2
0.4,0.2,0,0.5,none,114,5.7,0.368,-52.2,-70.5,0.81,-64.2
0.4,0.2,0,0.5,trend_cons_60,114,5.7,0.368,-52.2,-70.5,0.81,-64.2
0.4,0.1,0,0.5,trend_cons_60,114,5.7,0.368,-52.2,-70.5,0.81,-64.2
0.4,0.1,0,0.5,none,114,5.7,0.368,-52.2,-70.5,0.81,-64.2
0.4,0.05,0,0.5,none,114,5.7,0.368,-52.2,-70.5,0.81,-64.2
0.4,0.05,0,0.5,trend_cons_60,114,5.7,0.368,-52.2,-70.5,0.81,-64.2
0.45,0.2,2,1.5,none,38,1.9,0.368,-43.8,-48.5,0.6,-72.6
0.45,0.05,2,1.5,none,38,1.9,0.368,-43.8,-48.5,0.6,-72.6
0.45,0.05,2,1.5,trend_cons_60,38,1.9,0.368,-43.8,-48.5,0.6,-72.6
0.45,0.1,2,1.5,trend_cons_60,38,1.9,0.368,-43.8,-48.5,0.6,-72.6
0.45,0.1,2,1.5,none,38,1.9,0.368,-43.8,-48.5,0.6,-72.6
0.45,0.15,2,1.5,trend_cons_60,38,1.9,0.368,-43.8,-48.5,0.6,-72.6
0.45,0.15,2,1.5,none,38,1.9,0.368,-43.8,-48.5,0.6,-72.6
0.45,0.2,2,1.5,trend_cons_60,38,1.9,0.368,-43.8,-48.5,0.6,-72.6
0.5,0.0,4,1.5,trend_cons_60,113,5.7,0.372,-58.2,-82.2,0.8,-73.2
0.5,0.0,4,1.5,none,113,5.7,0.372,-58.2,-82.2,0.8,-73.2
0.5,0.05,2,1.0,none,40,2.0,0.325,-45.8,-55.5,0.61,-75.2
0.5,0.1,2,1.0,none,40,2.0,0.325,-45.8,-55.5,0.61,-75.2
0.5,0.05,2,1.0,trend_cons_60,40,2.0,0.325,-45.8,-55.5,0.61,-75.2
0.5,0.15,2,1.0,trend_cons_60,40,2.0,0.325,-45.8,-55.5,0.61,-75.2
0.5,0.2,2,1.0,none,40,2.0,0.325,-45.8,-55.5,0.61,-75.2
0.5,0.15,2,1.0,none,40,2.0,0.325,-45.8,-55.5,0.61,-75.2
0.5,0.2,2,1.0,trend_cons_60,40,2.0,0.325,-45.8,-55.5,0.61,-75.2
0.5,0.1,2,1.0,trend_cons_60,40,2.0,0.325,-45.8,-55.5,0.61,-75.2
0.5,0.15,0,0.0,trend_cons_60,63,3.1,0.349,-53.2,-59.5,0.67,-79.1
0.5,0.15,0,0.0,none,63,3.1,0.349,-53.2,-59.5,0.67,-79.1
0.5,0.2,0,0.0,trend_cons_60,63,3.1,0.349,-53.2,-59.5,0.67,-79.1
0.5,0.1,0,0.0,trend_cons_60,63,3.1,0.349,-53.2,-59.5,0.67,-79.1
0.5,0.1,0,0.0,none,63,3.1,0.349,-53.2,-59.5,0.67,-79.1
0.5,0.05,0,0.0,none,63,3.1,0.349,-53.2,-59.5,0.67,-79.1
0.5,0.05,0,0.0,trend_cons_60,63,3.1,0.349,-53.2,-59.5,0.67,-79.1
0.5,0.2,0,0.0,none,63,3.1,0.349,-53.2,-59.5,0.67,-79.1
0.5,0.05,2,1.5,none,32,1.6,0.344,-42.8,-47.5,0.54,-79.5
0.5,0.05,2,1.5,trend_cons_60,32,1.6,0.344,-42.8,-47.5,0.54,-79.5
0.5,0.15,2,1.5,trend_cons_60,32,1.6,0.344,-42.8,-47.5,0.54,-79.5
0.5,0.1,2,1.5,none,32,1.6,0.344,-42.8,-47.5,0.54,-79.5
0.5,0.2,2,1.5,none,32,1.6,0.344,-42.8,-47.5,0.54,-79.5
0.5,0.1,2,1.5,trend_cons_60,32,1.6,0.344,-42.8,-47.5,0.54,-79.5
0.5,0.2,2,1.5,trend_cons_60,32,1.6,0.344,-42.8,-47.5,0.54,-79.5
0.5,0.15,2,1.5,none,32,1.6,0.344,-42.8,-47.5,0.54,-79.5
0.4,0.1,2,1.5,trend_cons_60,39,1.9,0.359,-47.0,-51.8,0.58,-80.3
0.4,0.1,2,1.5,none,39,1.9,0.359,-47.0,-51.8,0.58,-80.3
0.4,0.05,2,1.5,trend_cons_60,39,1.9,0.359,-47.0,-51.8,0.58,-80.3
0.35,0.15,2,1.5,trend_cons_60,39,1.9,0.359,-47.0,-51.8,0.58,-80.3
0.35,0.15,2,1.5,none,39,1.9,0.359,-47.0,-51.8,0.58,-80.3
0.2,0.15,2,1.5,trend_cons_60,39,1.9,0.359,-47.0,-51.8,0.58,-80.3
0.3,0.05,2,1.5,trend_cons_60,39,1.9,0.359,-47.0,-51.8,0.58,-80.3
0.55,0.0,3,0.0,trend_cons_60,132,6.6,0.386,-65.0,-80.0,0.81,-80.3
0.4,0.2,2,1.5,none,39,1.9,0.359,-47.0,-51.8,0.58,-80.3
0.2,0.2,2,1.5,none,39,1.9,0.359,-47.0,-51.8,0.58,-80.3
0.35,0.05,2,1.5,none,39,1.9,0.359,-47.0,-51.8,0.58,-80.3
0.55,0.0,3,0.0,none,132,6.6,0.386,-65.0,-80.0,0.81,-80.3
0.3,0.2,2,1.5,trend_cons_60,39,1.9,0.359,-47.0,-51.8,0.58,-80.3
0.2,0.2,2,1.5,trend_cons_60,39,1.9,0.359,-47.0,-51.8,0.58,-80.3
0.4,0.2,2,1.5,trend_cons_60,39,1.9,0.359,-47.0,-51.8,0.58,-80.3
0.3,0.2,2,1.5,none,39,1.9,0.359,-47.0,-51.8,0.58,-80.3
0.25,0.05,2,1.5,trend_cons_60,39,1.9,0.359,-47.0,-51.8,0.58,-80.3
0.35,0.1,2,1.5,trend_cons_60,39,1.9,0.359,-47.0,-51.8,0.58,-80.3
0.35,0.05,2,1.5,trend_cons_60,39,1.9,0.359,-47.0,-51.8,0.58,-80.3
0.2,0.15,2,1.5,none,39,1.9,0.359,-47.0,-51.8,0.58,-80.3
0.4,0.05,2,1.5,none,39,1.9,0.359,-47.0,-51.8,0.58,-80.3
0.3,0.05,2,1.5,none,39,1.9,0.359,-47.0,-51.8,0.58,-80.3
0.2,0.05,2,1.5,trend_cons_60,39,1.9,0.359,-47.0,-51.8,0.58,-80.3
0.3,0.1,2,1.5,trend_cons_60,39,1.9,0.359,-47.0,-51.8,0.58,-80.3
0.35,0.1,2,1.5,none,39,1.9,0.359,-47.0,-51.8,0.58,-80.3
0.25,0.2,2,1.5,none,39,1.9,0.359,-47.0,-51.8,0.58,-80.3
0.25,0.2,2,1.5,trend_cons_60,39,1.9,0.359,-47.0,-51.8,0.58,-80.3
0.2,0.05,2,1.5,none,39,1.9,0.359,-47.0,-51.8,0.58,-80.3
0.2,0.1,2,1.5,trend_cons_60,39,1.9,0.359,-47.0,-51.8,0.58,-80.3
0.3,0.15,2,1.5,none,39,1.9,0.359,-47.0,-51.8,0.58,-80.3
0.2,0.1,2,1.5,none,39,1.9,0.359,-47.0,-51.8,0.58,-80.3
0.35,0.2,2,1.5,none,39,1.9,0.359,-47.0,-51.8,0.58,-80.3
0.35,0.2,2,1.5,trend_cons_60,39,1.9,0.359,-47.0,-51.8,0.58,-80.3
0.25,0.05,2,1.5,none,39,1.9,0.359,-47.0,-51.8,0.58,-80.3
0.3,0.15,2,1.5,trend_cons_60,39,1.9,0.359,-47.0,-51.8,0.58,-80.3
0.25,0.15,2,1.5,trend_cons_60,39,1.9,0.359,-47.0,-51.8,0.58,-80.3
0.25,0.1,2,1.5,trend_cons_60,39,1.9,0.359,-47.0,-51.8,0.58,-80.3
0.25,0.1,2,1.5,none,39,1.9,0.359,-47.0,-51.8,0.58,-80.3
0.25,0.15,2,1.5,none,39,1.9,0.359,-47.0,-51.8,0.58,-80.3
0.4,0.15,2,1.5,none,39,1.9,0.359,-47.0,-51.8,0.58,-80.3
0.3,0.1,2,1.5,none,39,1.9,0.359,-47.0,-51.8,0.58,-80.3
0.4,0.15,2,1.5,trend_cons_60,39,1.9,0.359,-47.0,-51.8,0.58,-80.3
0.55,0.0,2,0.0,trend_cons_60,158,7.9,0.392,-67.0,-112.5,0.83,-80.4
0.55,0.0,2,0.0,none,158,7.9,0.392,-67.0,-112.5,0.83,-80.4
0.55,0.0,0,1.5,vol_climax,59,3.0,0.339,-54.5,-57.5,0.67,-81.3
0.55,0.0,4,1.5,trend_cons_60,83,4.2,0.361,-59.2,-68.8,0.7,-84.2
0.55,0.0,4,1.5,none,83,4.2,0.361,-59.2,-68.8,0.7,-84.2
0.5,0.0,4,0.5,at_extreme,130,6.5,0.385,-67.8,-72.0,0.79,-85.4
0.2,0.0,3,1.5,vol_climax,51,2.5,0.353,-53.5,-53.8,0.62,-85.8
0.3,0.0,3,1.5,vol_climax,51,2.5,0.353,-53.5,-53.8,0.62,-85.8
0.4,0.0,3,1.5,vol_climax,51,2.5,0.353,-53.5,-53.8,0.62,-85.8
0.45,0.0,3,1.5,vol_climax,51,2.5,0.353,-53.5,-53.8,0.62,-85.8
0.35,0.0,3,1.5,vol_climax,51,2.5,0.353,-53.5,-53.8,0.62,-85.8
0.25,0.0,3,1.5,vol_climax,51,2.5,0.353,-53.5,-53.8,0.62,-85.8
0.5,0.0,2,1.5,trend_cons_60,160,8.0,0.431,-71.0,-87.2,0.82,-86.4
0.5,0.0,2,1.5,none,160,8.0,0.431,-71.0,-87.2,0.82,-86.4
0.35,0.15,0,0.5,none,130,6.5,0.354,-70.0,-109.0,0.8,-88.0
0.35,0.1,0,0.5,none,130,6.5,0.354,-70.0,-109.0,0.8,-88.0
0.35,0.15,0,0.5,trend_cons_60,130,6.5,0.354,-70.0,-109.0,0.8,-88.0
0.35,0.1,0,0.5,trend_cons_60,130,6.5,0.354,-70.0,-109.0,0.8,-88.0
0.35,0.2,0,0.5,none,130,6.5,0.354,-70.0,-109.0,0.8,-88.0
0.35,0.2,0,0.5,trend_cons_60,130,6.5,0.354,-70.0,-109.0,0.8,-88.0
0.35,0.05,0,0.5,trend_cons_60,130,6.5,0.354,-70.0,-109.0,0.8,-88.0
0.35,0.05,0,0.5,none,130,6.5,0.354,-70.0,-109.0,0.8,-88.0
0.5,0.0,3,1.5,vol_climax,49,2.5,0.347,-56.5,-49.8,0.59,-95.7
0.45,0.1,3,0.5,none,41,2.0,0.293,-48.8,-64.8,0.5,-96.8
0.45,0.05,3,0.5,none,41,2.0,0.293,-48.8,-64.8,0.5,-96.8
0.45,0.05,3,0.5,trend_cons_60,41,2.0,0.293,-48.8,-64.8,0.5,-96.8
0.45,0.1,3,0.5,trend_cons_60,41,2.0,0.293,-48.8,-64.8,0.5,-96.8
0.45,0.15,3,0.5,none,41,2.0,0.293,-48.8,-64.8,0.5,-96.8
0.45,0.2,3,0.5,none,41,2.0,0.293,-48.8,-64.8,0.5,-96.8
0.45,0.15,3,0.5,trend_cons_60,41,2.0,0.293,-48.8,-64.8,0.5,-96.8
0.45,0.2,3,0.5,trend_cons_60,41,2.0,0.293,-48.8,-64.8,0.5,-96.8
0.5,0.05,2,0.0,trend_cons_60,56,2.8,0.375,-59.8,-66.5,0.59,-101.4
0.5,0.05,2,0.0,none,56,2.8,0.375,-59.8,-66.5,0.59,-101.4
0.5,0.2,2,0.0,trend_cons_60,56,2.8,0.375,-59.8,-66.5,0.59,-101.4
0.5,0.15,2,0.0,trend_cons_60,56,2.8,0.375,-59.8,-66.5,0.59,-101.4
0.5,0.1,2,0.0,none,56,2.8,0.375,-59.8,-66.5,0.59,-101.4
0.5,0.1,2,0.0,trend_cons_60,56,2.8,0.375,-59.8,-66.5,0.59,-101.4
0.5,0.2,2,0.0,none,56,2.8,0.375,-59.8,-66.5,0.59,-101.4
0.5,0.15,2,0.0,none,56,2.8,0.375,-59.8,-66.5,0.59,-101.4
0.55,0.0,3,1.5,vol_climax,42,2.1,0.333,-55.8,-49.0,0.54,-102.8
0.4,0.2,3,0.0,trend_cons_60,74,3.7,0.324,-68.0,-95.0,0.63,-107.9
0.4,0.05,3,0.0,trend_cons_60,74,3.7,0.324,-68.0,-95.0,0.63,-107.9
0.4,0.05,3,0.0,none,74,3.7,0.324,-68.0,-95.0,0.63,-107.9
0.4,0.2,3,0.0,none,74,3.7,0.324,-68.0,-95.0,0.63,-107.9
0.4,0.15,3,0.0,trend_cons_60,74,3.7,0.324,-68.0,-95.0,0.63,-107.9
0.4,0.1,3,0.0,trend_cons_60,74,3.7,0.324,-68.0,-95.0,0.63,-107.9
0.4,0.1,3,0.0,none,74,3.7,0.324,-68.0,-95.0,0.63,-107.9
0.4,0.15,3,0.0,none,74,3.7,0.324,-68.0,-95.0,0.63,-107.9
0.55,0.0,4,0.0,at_extreme,104,5.2,0.365,-80.0,-83.8,0.71,-112.2
0.45,0.05,4,0.0,trend_cons_60,36,1.8,0.333,-50.5,-54.0,0.45,-112.3
0.45,0.15,4,0.0,none,36,1.8,0.333,-50.5,-54.0,0.45,-112.3
0.45,0.15,4,0.0,trend_cons_60,36,1.8,0.333,-50.5,-54.0,0.45,-112.3
0.45,0.1,4,0.0,none,36,1.8,0.333,-50.5,-54.0,0.45,-112.3
0.45,0.2,4,0.0,trend_cons_60,36,1.8,0.333,-50.5,-54.0,0.45,-112.3
0.45,0.1,4,0.0,trend_cons_60,36,1.8,0.333,-50.5,-54.0,0.45,-112.3
0.45,0.2,4,0.0,none,36,1.8,0.333,-50.5,-54.0,0.45,-112.3
0.45,0.05,4,0.0,none,36,1.8,0.333,-50.5,-54.0,0.45,-112.3
0.25,0.1,0,0.5,none,136,6.8,0.353,-87.0,-126.0,0.76,-114.1
0.3,0.2,0,0.5,none,136,6.8,0.353,-87.0,-126.0,0.76,-114.1
0.2,0.15,0,0.5,trend_cons_60,136,6.8,0.353,-87.0,-126.0,0.76,-114.1
0.3,0.15,0,0.5,none,136,6.8,0.353,-87.0,-126.0,0.76,-114.1
0.2,0.1,0,0.5,trend_cons_60,136,6.8,0.353,-87.0,-126.0,0.76,-114.1
0.3,0.15,0,0.5,trend_cons_60,136,6.8,0.353,-87.0,-126.0,0.76,-114.1
0.25,0.05,0,0.5,trend_cons_60,136,6.8,0.353,-87.0,-126.0,0.76,-114.1
0.2,0.1,0,0.5,none,136,6.8,0.353,-87.0,-126.0,0.76,-114.1
0.25,0.15,0,0.5,none,136,6.8,0.353,-87.0,-126.0,0.76,-114.1
0.25,0.15,0,0.5,trend_cons_60,136,6.8,0.353,-87.0,-126.0,0.76,-114.1
0.25,0.2,0,0.5,trend_cons_60,136,6.8,0.353,-87.0,-126.0,0.76,-114.1
0.3,0.1,0,0.5,trend_cons_60,136,6.8,0.353,-87.0,-126.0,0.76,-114.1
0.2,0.05,0,0.5,trend_cons_60,136,6.8,0.353,-87.0,-126.0,0.76,-114.1
0.3,0.05,0,0.5,trend_cons_60,136,6.8,0.353,-87.0,-126.0,0.76,-114.1
0.3,0.1,0,0.5,none,136,6.8,0.353,-87.0,-126.0,0.76,-114.1
0.3,0.05,0,0.5,none,136,6.8,0.353,-87.0,-126.0,0.76,-114.1
0.2,0.2,0,0.5,trend_cons_60,136,6.8,0.353,-87.0,-126.0,0.76,-114.1
0.2,0.2,0,0.5,none,136,6.8,0.353,-87.0,-126.0,0.76,-114.1
0.2,0.05,0,0.5,none,136,6.8,0.353,-87.0,-126.0,0.76,-114.1
0.2,0.15,0,0.5,none,136,6.8,0.353,-87.0,-126.0,0.76,-114.1
0.25,0.05,0,0.5,none,136,6.8,0.353,-87.0,-126.0,0.76,-114.1
0.25,0.1,0,0.5,trend_cons_60,136,6.8,0.353,-87.0,-126.0,0.76,-114.1
0.3,0.2,0,0.5,trend_cons_60,136,6.8,0.353,-87.0,-126.0,0.76,-114.1
0.25,0.2,0,0.5,none,136,6.8,0.353,-87.0,-126.0,0.76,-114.1
0.5,0.0,4,1.0,none,135,6.8,0.348,-86.8,-89.8,0.75,-115.7
0.5,0.0,4,1.0,trend_cons_60,135,6.8,0.348,-86.8,-89.8,0.75,-115.7
0.55,0.0,0,1.0,vol_climax,81,4.0,0.309,-75.5,-75.8,0.65,-116.9
0.4,0.05,4,0.0,trend_cons_60,41,2.0,0.317,-59.0,-64.0,0.48,-123.2
0.4,0.15,4,0.0,trend_cons_60,41,2.0,0.317,-59.0,-64.0,0.48,-123.2
0.4,0.05,4,0.0,none,41,2.0,0.317,-59.0,-64.0,0.48,-123.2
0.4,0.1,4,0.0,trend_cons_60,41,2.0,0.317,-59.0,-64.0,0.48,-123.2
0.4,0.1,4,0.0,none,41,2.0,0.317,-59.0,-64.0,0.48,-123.2
0.4,0.2,4,0.0,none,41,2.0,0.317,-59.0,-64.0,0.48,-123.2
0.4,0.2,4,0.0,trend_cons_60,41,2.0,0.317,-59.0,-64.0,0.48,-123.2
0.4,0.15,4,0.0,none,41,2.0,0.317,-59.0,-64.0,0.48,-123.2
0.55,0.0,3,1.0,vol_climax,59,3.0,0.305,-71.8,-71.5,0.56,-129.0
0.45,0.0,2,1.5,vol_climax,69,3.5,0.348,-76.2,-73.0,0.59,-129.1
0.5,0.0,4,0.0,at_extreme,141,7.0,0.376,-96.8,-92.5,0.74,-131.6
0.55,0.0,4,1.0,trend_cons_60,97,4.8,0.32,-86.0,-88.5,0.65,-131.9
0.55,0.0,4,1.0,none,97,4.8,0.32,-86.0,-88.5,0.65,-131.9
0.4,0.2,0,0.0,none,140,7.0,0.371,-98.5,-112.0,0.74,-133.9
0.4,0.2,0,0.0,trend_cons_60,140,7.0,0.371,-98.5,-112.0,0.74,-133.9
0.4,0.1,0,0.0,trend_cons_60,140,7.0,0.371,-98.5,-112.0,0.74,-133.9
0.4,0.1,0,0.0,none,140,7.0,0.371,-98.5,-112.0,0.74,-133.9
0.4,0.15,0,0.0,none,140,7.0,0.371,-98.5,-112.0,0.74,-133.9
0.4,0.15,0,0.0,trend_cons_60,140,7.0,0.371,-98.5,-112.0,0.74,-133.9
0.4,0.05,0,0.0,trend_cons_60,140,7.0,0.371,-98.5,-112.0,0.74,-133.9
0.4,0.05,0,0.0,none,140,7.0,0.371,-98.5,-112.0,0.74,-133.9
0.45,0.1,0,1.5,trend_cons_60,55,2.8,0.327,-73.0,-80.5,0.54,-134.8
0.45,0.05,0,1.5,none,55,2.8,0.327,-73.0,-80.5,0.54,-134.8
0.45,0.15,0,1.5,trend_cons_60,55,2.8,0.327,-73.0,-80.5,0.54,-134.8
0.45,0.1,0,1.5,none,55,2.8,0.327,-73.0,-80.5,0.54,-134.8
0.45,0.2,0,1.5,none,55,2.8,0.327,-73.0,-80.5,0.54,-134.8
0.45,0.05,0,1.5,trend_cons_60,55,2.8,0.327,-73.0,-80.5,0.54,-134.8
0.45,0.2,0,1.5,trend_cons_60,55,2.8,0.327,-73.0,-80.5,0.54,-134.8
0.45,0.15,0,1.5,none,55,2.8,0.327,-73.0,-80.5,0.54,-134.8
0.2,0.15,2,1.0,trend_cons_60,61,3.0,0.311,-77.0,-80.5,0.56,-138.3
0.2,0.15,2,1.0,none,61,3.0,0.311,-77.0,-80.5,0.56,-138.3
0.2,0.2,2,1.0,trend_cons_60,61,3.0,0.311,-77.0,-80.5,0.56,-138.3
0.2,0.2,2,1.0,none,61,3.0,0.311,-77.0,-80.5,0.56,-138.3
0.3,0.05,2,1.0,trend_cons_60,61,3.0,0.311,-77.0,-80.5,0.56,-138.3
0.3,0.05,2,1.0,none,61,3.0,0.311,-77.0,-80.5,0.56,-138.3
0.3,0.2,2,1.0,trend_cons_60,61,3.0,0.311,-77.0,-80.5,0.56,-138.3
0.25,0.05,2,1.0,trend_cons_60,61,3.0,0.311,-77.0,-80.5,0.56,-138.3
0.25,0.2,2,1.0,trend_cons_60,61,3.0,0.311,-77.0,-80.5,0.56,-138.3
0.3,0.1,2,1.0,none,61,3.0,0.311,-77.0,-80.5,0.56,-138.3
0.3,0.1,2,1.0,trend_cons_60,61,3.0,0.311,-77.0,-80.5,0.56,-138.3
0.25,0.2,2,1.0,none,61,3.0,0.311,-77.0,-80.5,0.56,-138.3
0.25,0.1,2,1.0,trend_cons_60,61,3.0,0.311,-77.0,-80.5,0.56,-138.3
0.3,0.15,2,1.0,trend_cons_60,61,3.0,0.311,-77.0,-80.5,0.56,-138.3
0.3,0.15,2,1.0,none,61,3.0,0.311,-77.0,-80.5,0.56,-138.3
0.2,0.05,2,1.0,none,61,3.0,0.311,-77.0,-80.5,0.56,-138.3
0.2,0.1,2,1.0,trend_cons_60,61,3.0,0.311,-77.0,-80.5,0.56,-138.3
0.2,0.05,2,1.0,trend_cons_60,61,3.0,0.311,-77.0,-80.5,0.56,-138.3
0.2,0.1,2,1.0,none,61,3.0,0.311,-77.0,-80.5,0.56,-138.3
0.25,0.15,2,1.0,none,61,3.0,0.311,-77.0,-80.5,0.56,-138.3
0.3,0.2,2,1.0,none,61,3.0,0.311,-77.0,-80.5,0.56,-138.3
0.25,0.1,2,1.0,none,61,3.0,0.311,-77.0,-80.5,0.56,-138.3
0.25,0.15,2,1.0,trend_cons_60,61,3.0,0.311,-77.0,-80.5,0.56,-138.3
0.25,0.05,2,1.0,none,61,3.0,0.311,-77.0,-80.5,0.56,-138.3
0.2,0.0,0,1.0,vol_climax,160,8.0,0.338,-106.2,-129.8,0.76,-139.9
0.35,0.2,2,1.0,none,60,3.0,0.3,-77.5,-81.0,0.55,-139.9
0.4,0.05,2,1.0,none,59,3.0,0.305,-77.5,-81.0,0.55,-139.9
0.4,0.05,2,1.0,trend_cons_60,59,3.0,0.305,-77.5,-81.0,0.55,-139.9
0.35,0.1,2,1.0,trend_cons_60,60,3.0,0.3,-77.5,-81.0,0.55,-139.9
0.4,0.15,2,1.0,trend_cons_60,59,3.0,0.305,-77.5,-81.0,0.55,-139.9
0.4,0.15,2,1.0,none,59,3.0,0.305,-77.5,-81.0,0.55,-139.9
0.35,0.1,2,1.0,none,60,3.0,0.3,-77.5,-81.0,0.55,-139.9
0.35,0.15,2,1.0,trend_cons_60,60,3.0,0.3,-77.5,-81.0,0.55,-139.9
0.35,0.15,2,1.0,none,60,3.0,0.3,-77.5,-81.0,0.55,-139.9
0.4,0.1,2,1.0,none,59,3.0,0.305,-77.5,-81.0,0.55,-139.9
0.4,0.1,2,1.0,trend_cons_60,59,3.0,0.305,-77.5,-81.0,0.55,-139.9
0.35,0.0,0,1.0,vol_climax,160,8.0,0.338,-106.2,-129.8,0.76,-139.9
0.4,0.2,2,1.0,none,59,3.0,0.305,-77.5,-81.0,0.55,-139.9
0.35,0.05,2,1.0,none,60,3.0,0.3,-77.5,-81.0,0.55,-139.9
0.35,0.05,2,1.0,trend_cons_60,60,3.0,0.3,-77.5,-81.0,0.55,-139.9
0.25,0.0,0,1.0,vol_climax,160,8.0,0.338,-106.2,-129.8,0.76,-139.9
0.4,0.2,2,1.0,trend_cons_60,59,3.0,0.305,-77.5,-81.0,0.55,-139.9
0.3,0.0,0,1.0,vol_climax,160,8.0,0.338,-106.2,-129.8,0.76,-139.9
0.35,0.2,2,1.0,trend_cons_60,60,3.0,0.3,-77.5,-81.0,0.55,-139.9
0.4,0.1,2,0.0,trend_cons_60,108,5.4,0.361,-95.5,-103.8,0.66,-143.6
0.4,0.1,2,0.0,none,108,5.4,0.361,-95.5,-103.8,0.66,-143.6
0.4,0.05,2,0.0,trend_cons_60,108,5.4,0.361,-95.5,-103.8,0.66,-143.6
0.4,0.05,2,0.0,none,108,5.4,0.361,-95.5,-103.8,0.66,-143.6
0.4,0.15,2,0.0,trend_cons_60,108,5.4,0.361,-95.5,-103.8,0.66,-143.6
0.4,0.15,2,0.0,none,108,5.4,0.361,-95.5,-103.8,0.66,-143.6
0.4,0.2,2,0.0,none,108,5.4,0.361,-95.5,-103.8,0.66,-143.6
0.4,0.2,2,0.0,trend_cons_60,108,5.4,0.361,-95.5,-103.8,0.66,-143.6
0.2,0.1,4,0.0,none,43,2.1,0.302,-66.8,-68.5,0.45,-148.9
0.35,0.15,4,0.0,trend_cons_60,43,2.1,0.302,-66.8,-68.5,0.45,-148.9
0.35,0.2,4,0.0,trend_cons_60,43,2.1,0.302,-66.8,-68.5,0.45,-148.9
0.35,0.15,4,0.0,none,43,2.1,0.302,-66.8,-68.5,0.45,-148.9
0.2,0.05,4,0.0,trend_cons_60,43,2.1,0.302,-66.8,-68.5,0.45,-148.9
0.35,0.2,4,0.0,none,43,2.1,0.302,-66.8,-68.5,0.45,-148.9
0.25,0.1,4,0.0,trend_cons_60,43,2.1,0.302,-66.8,-68.5,0.45,-148.9
0.3,0.15,4,0.0,none,43,2.1,0.302,-66.8,-68.5,0.45,-148.9
0.2,0.2,4,0.0,trend_cons_60,43,2.1,0.302,-66.8,-68.5,0.45,-148.9
0.3,0.2,4,0.0,none,43,2.1,0.302,-66.8,-68.5,0.45,-148.9
0.3,0.2,4,0.0,trend_cons_60,43,2.1,0.302,-66.8,-68.5,0.45,-148.9
0.25,0.2,4,0.0,none,43,2.1,0.302,-66.8,-68.5,0.45,-148.9
0.25,0.2,4,0.0,trend_cons_60,43,2.1,0.302,-66.8,-68.5,0.45,-148.9
0.2,0.2,4,0.0,none,43,2.1,0.302,-66.8,-68.5,0.45,-148.9
0.35,0.1,4,0.0,trend_cons_60,43,2.1,0.302,-66.8,-68.5,0.45,-148.9
0.35,0.1,4,0.0,none,43,2.1,0.302,-66.8,-68.5,0.45,-148.9
0.25,0.1,4,0.0,none,43,2.1,0.302,-66.8,-68.5,0.45,-148.9
0.25,0.15,4,0.0,trend_cons_60,43,2.1,0.302,-66.8,-68.5,0.45,-148.9
0.25,0.15,4,0.0,none,43,2.1,0.302,-66.8,-68.5,0.45,-148.9
0.3,0.1,4,0.0,none,43,2.1,0.302,-66.8,-68.5,0.45,-148.9
0.25,0.05,4,0.0,none,43,2.1,0.302,-66.8,-68.5,0.45,-148.9
0.3,0.15,4,0.0,trend_cons_60,43,2.1,0.302,-66.8,-68.5,0.45,-148.9
0.3,0.1,4,0.0,trend_cons_60,43,2.1,0.302,-66.8,-68.5,0.45,-148.9
0.25,0.05,4,0.0,trend_cons_60,43,2.1,0.302,-66.8,-68.5,0.45,-148.9
0.2,0.05,4,0.0,none,43,2.1,0.302,-66.8,-68.5,0.45,-148.9
0.2,0.15,4,0.0,trend_cons_60,43,2.1,0.302,-66.8,-68.5,0.45,-148.9
0.35,0.05,4,0.0,none,43,2.1,0.302,-66.8,-68.5,0.45,-148.9
0.35,0.05,4,0.0,trend_cons_60,43,2.1,0.302,-66.8,-68.5,0.45,-148.9
0.3,0.05,4,0.0,trend_cons_60,43,2.1,0.302,-66.8,-68.5,0.45,-148.9
0.3,0.05,4,0.0,none,43,2.1,0.302,-66.8,-68.5,0.45,-148.9
0.2,0.15,4,0.0,none,43,2.1,0.302,-66.8,-68.5,0.45,-148.9
0.2,0.1,4,0.0,trend_cons_60,43,2.1,0.302,-66.8,-68.5,0.45,-148.9
0.55,0.0,2,1.0,vol_climax,74,3.7,0.324,-85.0,-83.8,0.57,-149.4
0.5,0.0,2,1.5,vol_climax,64,3.2,0.344,-81.2,-74.5,0.54,-149.5
0.25,0.0,2,1.5,vol_climax,73,3.6,0.356,-85.0,-80.8,0.57,-149.8
0.3,0.0,2,1.5,vol_climax,73,3.6,0.356,-85.0,-80.8,0.57,-149.8
0.2,0.0,2,1.5,vol_climax,73,3.6,0.356,-85.0,-80.8,0.57,-149.8
0.45,0.0,4,1.0,at_extreme,149,7.5,0.389,-108.8,-107.5,0.73,-149.8
0.4,0.0,2,1.5,vol_climax,73,3.6,0.356,-85.0,-80.8,0.57,-149.8
0.35,0.0,2,1.5,vol_climax,73,3.6,0.356,-85.0,-80.8,0.57,-149.8
0.4,0.2,0,1.5,trend_cons_60,57,2.9,0.316,-79.0,-86.5,0.52,-151.4
0.4,0.1,0,1.5,none,57,2.9,0.316,-79.0,-86.5,0.52,-151.4
0.4,0.1,0,1.5,trend_cons_60,57,2.9,0.316,-79.0,-86.5,0.52,-151.4
0.4,0.05,0,1.5,none,57,2.9,0.316,-79.0,-86.5,0.52,-151.4
0.4,0.05,0,1.5,trend_cons_60,57,2.9,0.316,-79.0,-86.5,0.52,-151.4
0.4,0.15,0,1.5,none,57,2.9,0.316,-79.0,-86.5,0.52,-151.4
0.4,0.2,0,1.5,none,57,2.9,0.316,-79.0,-86.5,0.52,-151.4
0.4,0.15,0,1.5,trend_cons_60,57,2.9,0.316,-79.0,-86.5,0.52,-151.4
0.5,0.0,4,0.5,trend_cons_60,157,7.8,0.35,-111.2,-107.5,0.73,-152.6
0.5,0.0,4,0.5,none,157,7.8,0.35,-111.2,-107.5,0.73,-152.6
0.45,0.0,0,1.0,vol_climax,143,7.2,0.315,-111.2,-109.8,0.71,-155.9
0.45,0.15,3,0.0,trend_cons_60,55,2.8,0.309,-75.0,-90.5,0.48,-157.4
0.45,0.1,3,0.0,trend_cons_60,55,2.8,0.309,-75.0,-90.5,0.48,-157.4
0.45,0.1,3,0.0,none,55,2.8,0.309,-75.0,-90.5,0.48,-157.4
0.45,0.05,3,0.0,trend_cons_60,55,2.8,0.309,-75.0,-90.5,0.48,-157.4
0.45,0.05,3,0.0,none,55,2.8,0.309,-75.0,-90.5,0.48,-157.4
0.45,0.2,3,0.0,trend_cons_60,55,2.8,0.309,-75.0,-90.5,0.48,-157.4
0.45,0.2,3,0.0,none,55,2.8,0.309,-75.0,-90.5,0.48,-157.4
0.45,0.15,3,0.0,none,55,2.8,0.309,-75.0,-90.5,0.48,-157.4
0.45,0.2,2,1.0,none,54,2.7,0.315,-80.5,-84.0,0.51,-158.3
0.45,0.15,2,1.0,trend_cons_60,54,2.7,0.315,-80.5,-84.0,0.51,-158.3
0.45,0.15,2,1.0,none,54,2.7,0.315,-80.5,-84.0,0.51,-158.3
0.45,0.2,2,1.0,trend_cons_60,54,2.7,0.315,-80.5,-84.0,0.51,-158.3
0.45,0.1,2,1.0,none,54,2.7,0.315,-80.5,-84.0,0.51,-158.3
0.45,0.05,2,1.0,none,54,2.7,0.315,-80.5,-84.0,0.51,-158.3
0.45,0.05,2,1.0,trend_cons_60,54,2.7,0.315,-80.5,-84.0,0.51,-158.3
0.45,0.1,2,1.0,trend_cons_60,54,2.7,0.315,-80.5,-84.0,0.51,-158.3
0.55,0.0,2,1.5,vol_climax,53,2.6,0.34,-78.0,-71.2,0.49,-158.6
0.5,0.0,3,1.0,vol_climax,68,3.4,0.309,-87.5,-80.8,0.55,-160.4
0.5,0.0,0,1.0,vol_climax,108,5.4,0.306,-103.8,-102.5,0.64,-160.9
0.4,0.0,4,1.5,vol_climax,38,1.9,0.289,-66.5,-60.8,0.41,-162.6
0.2,0.0,4,1.5,vol_climax,38,1.9,0.289,-66.5,-60.8,0.41,-162.6
0.3,0.0,4,1.5,vol_climax,38,1.9,0.289,-66.5,-60.8,0.41,-162.6
0.35,0.0,4,1.5,vol_climax,38,1.9,0.289,-66.5,-60.8,0.41,-162.6
0.25,0.0,4,1.5,vol_climax,38,1.9,0.289,-66.5,-60.8,0.41,-162.6
0.45,0.0,4,1.5,vol_climax,38,1.9,0.289,-66.5,-60.8,0.41,-162.6
0.5,0.0,3,0.5,vol_climax,86,4.3,0.337,-97.0,-94.5,0.59,-165.3
0.35,0.2,3,0.0,trend_cons_60,80,4.0,0.312,-96.0,-111.5,0.54,-177.0
0.35,0.15,3,0.0,trend_cons_60,80,4.0,0.312,-96.0,-111.5,0.54,-177.0
0.35,0.2,3,0.0,none,80,4.0,0.312,-96.0,-111.5,0.54,-177.0
0.35,0.05,3,0.0,none,80,4.0,0.312,-96.0,-111.5,0.54,-177.0
0.35,0.05,3,0.0,trend_cons_60,80,4.0,0.312,-96.0,-111.5,0.54,-177.0
0.35,0.1,3,0.0,trend_cons_60,80,4.0,0.312,-96.0,-111.5,0.54,-177.0
0.35,0.1,3,0.0,none,80,4.0,0.312,-96.0,-111.5,0.54,-177.0
0.35,0.15,3,0.0,none,80,4.0,0.312,-96.0,-111.5,0.54,-177.0
0.4,0.0,0,1.0,vol_climax,155,7.8,0.329,-125.5,-124.0,0.71,-177.1
0.55,0.0,4,0.5,trend_cons_60,110,5.5,0.318,-110.5,-106.2,0.62,-177.6
0.55,0.0,4,0.5,none,110,5.5,0.318,-110.5,-106.2,0.62,-177.6
0.25,0.2,0,1.5,none,59,3.0,0.305,-89.5,-97.0,0.49,-182.4
0.25,0.2,0,1.5,trend_cons_60,59,3.0,0.305,-89.5,-97.0,0.49,-182.4
0.3,0.15,0,1.5,trend_cons_60,59,3.0,0.305,-89.5,-97.0,0.49,-182.4
0.3,0.15,0,1.5,none,59,3.0,0.305,-89.5,-97.0,0.49,-182.4
0.25,0.1,0,1.5,trend_cons_60,59,3.0,0.305,-89.5,-97.0,0.49,-182.4
0.3,0.2,0,1.5,none,59,3.0,0.305,-89.5,-97.0,0.49,-182.4
0.25,0.05,0,1.5,none,59,3.0,0.305,-89.5,-97.0,0.49,-182.4
0.25,0.05,0,1.5,trend_cons_60,59,3.0,0.305,-89.5,-97.0,0.49,-182.4
0.25,0.1,0,1.5,none,59,3.0,0.305,-89.5,-97.0,0.49,-182.4
0.2,0.05,0,1.5,trend_cons_60,59,3.0,0.305,-89.5,-97.0,0.49,-182.4
0.2,0.05,0,1.5,none,59,3.0,0.305,-89.5,-97.0,0.49,-182.4
0.2,0.1,0,1.5,trend_cons_60,59,3.0,0.305,-89.5,-97.0,0.49,-182.4
0.2,0.15,0,1.5,none,59,3.0,0.305,-89.5,-97.0,0.49,-182.4
0.25,0.15,0,1.5,trend_cons_60,59,3.0,0.305,-89.5,-97.0,0.49,-182.4
0.25,0.15,0,1.5,none,59,3.0,0.305,-89.5,-97.0,0.49,-182.4
0.3,0.2,0,1.5,trend_cons_60,59,3.0,0.305,-89.5,-97.0,0.49,-182.4
0.2,0.1,0,1.5,none,59,3.0,0.305,-89.5,-97.0,0.49,-182.4
0.2,0.15,0,1.5,trend_cons_60,59,3.0,0.305,-89.5,-97.0,0.49,-182.4
0.35,0.1,0,1.5,trend_cons_60,59,3.0,0.305,-89.5,-97.0,0.49,-182.4
0.35,0.1,0,1.5,none,59,3.0,0.305,-89.5,-97.0,0.49,-182.4
0.3,0.1,0,1.5,none,59,3.0,0.305,-89.5,-97.0,0.49,-182.4
0.3,0.1,0,1.5,trend_cons_60,59,3.0,0.305,-89.5,-97.0,0.49,-182.4
0.35,0.05,0,1.5,trend_cons_60,59,3.0,0.305,-89.5,-97.0,0.49,-182.4
0.35,0.05,0,1.5,none,59,3.0,0.305,-89.5,-97.0,0.49,-182.4
0.35,0.15,0,1.5,trend_cons_60,59,3.0,0.305,-89.5,-97.0,0.49,-182.4
0.35,0.2,0,1.5,trend_cons_60,59,3.0,0.305,-89.5,-97.0,0.49,-182.4
0.35,0.2,0,1.5,none,59,3.0,0.305,-89.5,-97.0,0.49,-182.4
0.2,0.2,0,1.5,trend_cons_60,59,3.0,0.305,-89.5,-97.0,0.49,-182.4
0.35,0.15,0,1.5,none,59,3.0,0.305,-89.5,-97.0,0.49,-182.4
0.2,0.2,0,1.5,none,59,3.0,0.305,-89.5,-97.0,0.49,-182.4
0.3,0.05,0,1.5,none,59,3.0,0.305,-89.5,-97.0,0.49,-182.4
0.3,0.05,0,1.5,trend_cons_60,59,3.0,0.305,-89.5,-97.0,0.49,-182.4
0.45,0.1,2,0.5,trend_cons_60,68,3.4,0.338,-92.5,-106.5,0.5,-183.5
0.45,0.1,2,0.5,none,68,3.4,0.338,-92.5,-106.5,0.5,-183.5
0.45,0.15,2,0.5,none,68,3.4,0.338,-92.5,-106.5,0.5,-183.5
0.45,0.15,2,0.5,trend_cons_60,68,3.4,0.338,-92.5,-106.5,0.5,-183.5
0.45,0.2,2,0.5,none,68,3.4,0.338,-92.5,-106.5,0.5,-183.5
0.45,0.2,2,0.5,trend_cons_60,68,3.4,0.338,-92.5,-106.5,0.5,-183.5
0.45,0.05,2,0.5,trend_cons_60,68,3.4,0.338,-92.5,-106.5,0.5,-183.5
0.45,0.05,2,0.5,none,68,3.4,0.338,-92.5,-106.5,0.5,-183.5
0.55,0.0,3,0.5,vol_climax,73,3.6,0.301,-98.0,-95.5,0.53,-184.3
0.5,0.0,2,1.0,vol_climax,90,4.5,0.322,-107.8,-106.5,0.57,-190.5
0.55,0.0,0,0.5,vol_climax,99,5.0,0.303,-114.0,-111.5,0.58,-195.0
0.45,0.0,3,1.0,vol_climax,76,3.8,0.303,-103.0,-97.5,0.52,-197.1
0.45,0.0,2,1.0,vol_climax,101,5.0,0.317,-118.0,-116.8,0.57,-208.4
0.5,0.0,3,0.0,vol_climax,95,4.8,0.326,-116.2,-113.8,0.56,-209.1
0.3,0.05,3,0.0,trend_cons_60,81,4.0,0.309,-107.8,-123.2,0.51,-209.8
0.3,0.1,3,0.0,none,81,4.0,0.309,-107.8,-123.2,0.51,-209.8
0.3,0.15,3,0.0,trend_cons_60,81,4.0,0.309,-107.8,-123.2,0.51,-209.8
0.3,0.15,3,0.0,none,81,4.0,0.309,-107.8,-123.2,0.51,-209.8
0.2,0.2,3,0.0,trend_cons_60,81,4.0,0.309,-107.8,-123.2,0.51,-209.8
0.2,0.1,3,0.0,none,81,4.0,0.309,-107.8,-123.2,0.51,-209.8
0.2,0.05,3,0.0,trend_cons_60,81,4.0,0.309,-107.8,-123.2,0.51,-209.8
0.25,0.05,3,0.0,trend_cons_60,81,4.0,0.309,-107.8,-123.2,0.51,-209.8
0.3,0.2,3,0.0,trend_cons_60,81,4.0,0.309,-107.8,-123.2,0.51,-209.8
0.25,0.05,3,0.0,none,81,4.0,0.309,-107.8,-123.2,0.51,-209.8
0.3,0.2,3,0.0,none,81,4.0,0.309,-107.8,-123.2,0.51,-209.8
0.25,0.1,3,0.0,trend_cons_60,81,4.0,0.309,-107.8,-123.2,0.51,-209.8
0.25,0.2,3,0.0,none,81,4.0,0.309,-107.8,-123.2,0.51,-209.8
0.25,0.2,3,0.0,trend_cons_60,81,4.0,0.309,-107.8,-123.2,0.51,-209.8
0.2,0.1,3,0.0,trend_cons_60,81,4.0,0.309,-107.8,-123.2,0.51,-209.8
0.2,0.05,3,0.0,none,81,4.0,0.309,-107.8,-123.2,0.51,-209.8
0.2,0.15,3,0.0,none,81,4.0,0.309,-107.8,-123.2,0.51,-209.8
0.2,0.15,3,0.0,trend_cons_60,81,4.0,0.309,-107.8,-123.2,0.51,-209.8
0.25,0.1,3,0.0,none,81,4.0,0.309,-107.8,-123.2,0.51,-209.8
0.2,0.2,3,0.0,none,81,4.0,0.309,-107.8,-123.2,0.51,-209.8
0.25,0.15,3,0.0,none,81,4.0,0.309,-107.8,-123.2,0.51,-209.8
0.25,0.15,3,0.0,trend_cons_60,81,4.0,0.309,-107.8,-123.2,0.51,-209.8
0.3,0.1,3,0.0,trend_cons_60,81,4.0,0.309,-107.8,-123.2,0.51,-209.8
0.3,0.05,3,0.0,none,81,4.0,0.309,-107.8,-123.2,0.51,-209.8
0.3,0.0,4,1.0,vol_climax,54,2.7,0.241,-91.0,-84.2,0.43,-211.5
0.2,0.0,4,1.0,vol_climax,54,2.7,0.241,-91.0,-84.2,0.43,-211.5
0.35,0.0,4,1.0,vol_climax,54,2.7,0.241,-91.0,-84.2,0.43,-211.5
0.4,0.0,4,1.0,vol_climax,54,2.7,0.241,-91.0,-84.2,0.43,-211.5
0.45,0.0,4,1.0,vol_climax,54,2.7,0.241,-91.0,-84.2,0.43,-211.5
0.25,0.0,4,1.0,vol_climax,54,2.7,0.241,-91.0,-84.2,0.43,-211.5
0.5,0.0,4,1.5,vol_climax,37,1.9,0.27,-73.8,-67.0,0.34,-214.1
0.55,0.0,4,0.0,none,116,5.8,0.328,-131.2,-128.0,0.6,-218.8
0.55,0.0,4,0.0,trend_cons_60,116,5.8,0.328,-131.2,-128.0,0.6,-218.8
0.45,0.15,0,1.0,none,72,3.6,0.306,-108.0,-111.5,0.49,-219.9
0.45,0.2,0,1.0,trend_cons_60,72,3.6,0.306,-108.0,-111.5,0.49,-219.9
0.45,0.1,0,1.0,none,72,3.6,0.306,-108.0,-111.5,0.49,-219.9
0.45,0.05,0,1.0,trend_cons_60,72,3.6,0.306,-108.0,-111.5,0.49,-219.9
0.45,0.05,0,1.0,none,72,3.6,0.306,-108.0,-111.5,0.49,-219.9
0.45,0.1,0,1.0,trend_cons_60,72,3.6,0.306,-108.0,-111.5,0.49,-219.9
0.45,0.15,0,1.0,trend_cons_60,72,3.6,0.306,-108.0,-111.5,0.49,-219.9
0.45,0.2,0,1.0,none,72,3.6,0.306,-108.0,-111.5,0.49,-219.9
0.55,0.0,2,0.5,vol_climax,91,4.5,0.319,-119.0,-116.5,0.53,-224.3
0.5,0.0,0,0.5,vol_climax,128,6.4,0.312,-138.5,-136.0,0.61,-225.7
0.4,0.1,0,1.0,trend_cons_60,85,4.2,0.318,-117.8,-121.2,0.5,-233.3
0.4,0.2,0,1.0,trend_cons_60,85,4.2,0.318,-117.8,-121.2,0.5,-233.3
0.4,0.05,0,1.0,none,85,4.2,0.318,-117.8,-121.2,0.5,-233.3
0.4,0.05,0,1.0,trend_cons_60,85,4.2,0.318,-117.8,-121.2,0.5,-233.3
0.4,0.15,0,1.0,trend_cons_60,85,4.2,0.318,-117.8,-121.2,0.5,-233.3
0.4,0.2,0,1.0,none,85,4.2,0.318,-117.8,-121.2,0.5,-233.3
0.4,0.15,0,1.0,none,85,4.2,0.318,-117.8,-121.2,0.5,-233.3
0.4,0.1,0,1.0,none,85,4.2,0.318,-117.8,-121.2,0.5,-233.3
0.35,0.1,0,1.0,none,90,4.5,0.311,-123.2,-126.8,0.52,-239.0
0.35,0.1,0,1.0,trend_cons_60,90,4.5,0.311,-123.2,-126.8,0.52,-239.0
0.35,0.15,0,1.0,none,90,4.5,0.311,-123.2,-126.8,0.52,-239.0
0.35,0.15,0,1.0,trend_cons_60,90,4.5,0.311,-123.2,-126.8,0.52,-239.0
0.35,0.2,0,1.0,trend_cons_60,90,4.5,0.311,-123.2,-126.8,0.52,-239.0
0.35,0.2,0,1.0,none,90,4.5,0.311,-123.2,-126.8,0.52,-239.0
0.35,0.05,0,1.0,trend_cons_60,90,4.5,0.311,-123.2,-126.8,0.52,-239.0
0.35,0.05,0,1.0,none,90,4.5,0.311,-123.2,-126.8,0.52,-239.0
0.45,0.0,3,0.5,vol_climax,100,5.0,0.32,-130.8,-128.2,0.53,-247.4
0.5,0.0,2,0.5,vol_climax,111,5.5,0.333,-137.8,-135.2,0.56,-247.4
0.5,0.0,4,1.0,vol_climax,52,2.6,0.231,-98.0,-91.2,0.39,-254.2
0.5,0.0,0,0.0,vol_climax,137,6.8,0.314,-153.5,-151.0,0.6,-257.3
0.2,0.05,0,1.0,trend_cons_60,92,4.6,0.315,-130.0,-133.5,0.5,-258.3
0.2,0.05,0,1.0,none,92,4.6,0.315,-130.0,-133.5,0.5,-258.3
0.2,0.1,0,1.0,none,92,4.6,0.315,-130.0,-133.5,0.5,-258.3
0.2,0.15,0,1.0,trend_cons_60,92,4.6,0.315,-130.0,-133.5,0.5,-258.3
0.2,0.2,0,1.0,trend_cons_60,92,4.6,0.315,-130.0,-133.5,0.5,-258.3
0.2,0.2,0,1.0,none,92,4.6,0.315,-130.0,-133.5,0.5,-258.3
0.2,0.15,0,1.0,none,92,4.6,0.315,-130.0,-133.5,0.5,-258.3
0.25,0.05,0,1.0,trend_cons_60,92,4.6,0.315,-130.0,-133.5,0.5,-258.3
0.25,0.1,0,1.0,trend_cons_60,92,4.6,0.315,-130.0,-133.5,0.5,-258.3
0.25,0.1,0,1.0,none,92,4.6,0.315,-130.0,-133.5,0.5,-258.3
0.2,0.1,0,1.0,trend_cons_60,92,4.6,0.315,-130.0,-133.5,0.5,-258.3
0.25,0.2,0,1.0,trend_cons_60,92,4.6,0.315,-130.0,-133.5,0.5,-258.3
0.25,0.2,0,1.0,none,92,4.6,0.315,-130.0,-133.5,0.5,-258.3
0.3,0.15,0,1.0,trend_cons_60,92,4.6,0.315,-130.0,-133.5,0.5,-258.3
0.3,0.1,0,1.0,trend_cons_60,92,4.6,0.315,-130.0,-133.5,0.5,-258.3
0.3,0.1,0,1.0,none,92,4.6,0.315,-130.0,-133.5,0.5,-258.3
0.3,0.05,0,1.0,none,92,4.6,0.315,-130.0,-133.5,0.5,-258.3
0.3,0.05,0,1.0,trend_cons_60,92,4.6,0.315,-130.0,-133.5,0.5,-258.3
0.3,0.15,0,1.0,none,92,4.6,0.315,-130.0,-133.5,0.5,-258.3
0.3,0.2,0,1.0,none,92,4.6,0.315,-130.0,-133.5,0.5,-258.3
0.25,0.15,0,1.0,trend_cons_60,92,4.6,0.315,-130.0,-133.5,0.5,-258.3
0.3,0.2,0,1.0,trend_cons_60,92,4.6,0.315,-130.0,-133.5,0.5,-258.3
0.25,0.05,0,1.0,none,92,4.6,0.315,-130.0,-133.5,0.5,-258.3
0.25,0.15,0,1.0,none,92,4.6,0.315,-130.0,-133.5,0.5,-258.3
0.55,0.0,3,0.0,vol_climax,82,4.1,0.293,-125.8,-123.2,0.49,-258.6
0.55,0.0,0,0.0,vol_climax,108,5.4,0.296,-141.8,-139.2,0.54,-261.2
0.35,0.2,2,0.0,trend_cons_60,124,6.2,0.347,-151.0,-180.0,0.57,-263.0
0.35,0.05,2,0.0,trend_cons_60,124,6.2,0.347,-151.0,-180.0,0.57,-263.0
0.35,0.2,2,0.0,none,124,6.2,0.347,-151.0,-180.0,0.57,-263.0
0.35,0.15,2,0.0,trend_cons_60,124,6.2,0.347,-151.0,-180.0,0.57,-263.0
0.35,0.05,2,0.0,none,124,6.2,0.347,-151.0,-180.0,0.57,-263.0
0.35,0.15,2,0.0,none,124,6.2,0.347,-151.0,-180.0,0.57,-263.0
0.35,0.1,2,0.0,none,124,6.2,0.347,-151.0,-180.0,0.57,-263.0
0.35,0.1,2,0.0,trend_cons_60,124,6.2,0.347,-151.0,-180.0,0.57,-263.0
0.25,0.0,2,1.0,vol_climax,113,5.7,0.319,-148.2,-172.5,0.54,-273.7
0.35,0.0,2,1.0,vol_climax,113,5.7,0.319,-148.2,-172.5,0.54,-273.7
0.3,0.0,2,1.0,vol_climax,113,5.7,0.319,-148.2,-172.5,0.54,-273.7
0.2,0.0,2,1.0,vol_climax,113,5.7,0.319,-148.2,-172.5,0.54,-273.7
0.5,0.0,2,0.0,vol_climax,121,6.0,0.331,-152.5,-150.0,0.55,-278.0
0.25,0.0,3,1.0,vol_climax,79,4.0,0.291,-127.8,-121.0,0.46,-279.2
0.35,0.0,3,1.0,vol_climax,79,4.0,0.291,-127.8,-121.0,0.46,-279.2
0.2,0.0,3,1.0,vol_climax,79,4.0,0.291,-127.8,-121.0,0.46,-279.2
0.3,0.0,3,1.0,vol_climax,79,4.0,0.291,-127.8,-121.0,0.46,-279.2
0.4,0.0,3,1.0,vol_climax,79,4.0,0.291,-127.8,-121.0,0.46,-279.2
0.5,0.0,4,0.5,vol_climax,72,3.6,0.278,-122.2,-119.8,0.44,-280.0
0.45,0.15,0,0.5,none,87,4.3,0.31,-132.8,-136.2,0.46,-287.3
0.45,0.2,0,0.5,trend_cons_60,87,4.3,0.31,-132.8,-136.2,0.46,-287.3
0.45,0.1,0,0.5,none,87,4.3,0.31,-132.8,-136.2,0.46,-287.3
0.45,0.05,0,0.5,trend_cons_60,87,4.3,0.31,-132.8,-136.2,0.46,-287.3
0.45,0.05,0,0.5,none,87,4.3,0.31,-132.8,-136.2,0.46,-287.3
0.45,0.1,0,0.5,trend_cons_60,87,4.3,0.31,-132.8,-136.2,0.46,-287.3
0.45,0.2,0,0.5,none,87,4.3,0.31,-132.8,-136.2,0.46,-287.3
0.45,0.15,0,0.5,trend_cons_60,87,4.3,0.31,-132.8,-136.2,0.46,-287.3
0.45,0.0,3,0.0,vol_climax,111,5.5,0.315,-150.5,-148.0,0.51,-292.3
0.2,0.15,2,0.0,trend_cons_60,132,6.6,0.341,-166.8,-195.8,0.57,-295.0
0.3,0.1,2,0.0,trend_cons_60,132,6.6,0.341,-166.8,-195.8,0.57,-295.0
0.25,0.2,2,0.0,trend_cons_60,132,6.6,0.341,-166.8,-195.8,0.57,-295.0
0.25,0.2,2,0.0,none,132,6.6,0.341,-166.8,-195.8,0.57,-295.0
0.25,0.15,2,0.0,trend_cons_60,132,6.6,0.341,-166.8,-195.8,0.57,-295.0
0.3,0.05,2,0.0,none,132,6.6,0.341,-166.8,-195.8,0.57,-295.0
0.2,0.05,2,0.0,trend_cons_60,132,6.6,0.341,-166.8,-195.8,0.57,-295.0
0.2,0.1,2,0.0,none,132,6.6,0.341,-166.8,-195.8,0.57,-295.0
0.2,0.05,2,0.0,none,132,6.6,0.341,-166.8,-195.8,0.57,-295.0
0.3,0.1,2,0.0,none,132,6.6,0.341,-166.8,-195.8,0.57,-295.0
0.3,0.05,2,0.0,trend_cons_60,132,6.6,0.341,-166.8,-195.8,0.57,-295.0
0.3,0.15,2,0.0,none,132,6.6,0.341,-166.8,-195.8,0.57,-295.0
0.3,0.15,2,0.0,trend_cons_60,132,6.6,0.341,-166.8,-195.8,0.57,-295.0
0.25,0.1,2,0.0,none,132,6.6,0.341,-166.8,-195.8,0.57,-295.0
0.2,0.2,2,0.0,trend_cons_60,132,6.6,0.341,-166.8,-195.8,0.57,-295.0
0.25,0.05,2,0.0,trend_cons_60,132,6.6,0.341,-166.8,-195.8,0.57,-295.0
0.25,0.05,2,0.0,none,132,6.6,0.341,-166.8,-195.8,0.57,-295.0
0.3,0.2,2,0.0,trend_cons_60,132,6.6,0.341,-166.8,-195.8,0.57,-295.0
0.25,0.15,2,0.0,none,132,6.6,0.341,-166.8,-195.8,0.57,-295.0
0.25,0.1,2,0.0,trend_cons_60,132,6.6,0.341,-166.8,-195.8,0.57,-295.0
0.3,0.2,2,0.0,none,132,6.6,0.341,-166.8,-195.8,0.57,-295.0
0.2,0.2,2,0.0,none,132,6.6,0.341,-166.8,-195.8,0.57,-295.0
0.2,0.15,2,0.0,none,132,6.6,0.341,-166.8,-195.8,0.57,-295.0
0.2,0.1,2,0.0,trend_cons_60,132,6.6,0.341,-166.8,-195.8,0.57,-295.0
0.55,0.0,2,0.0,vol_climax,100,5.0,0.31,-146.8,-144.2,0.49,-298.1
0.45,0.0,2,0.5,vol_climax,126,6.3,0.317,-160.8,-158.2,0.54,-299.9
0.4,0.0,4,0.5,vol_climax,81,4.0,0.296,-133.8,-131.2,0.44,-302.5
0.35,0.0,4,0.5,vol_climax,81,4.0,0.296,-133.8,-131.2,0.44,-302.5
0.25,0.0,4,0.5,vol_climax,81,4.0,0.296,-133.8,-131.2,0.44,-302.5
0.3,0.0,4,0.5,vol_climax,81,4.0,0.296,-133.8,-131.2,0.44,-302.5
0.2,0.0,4,0.5,vol_climax,81,4.0,0.296,-133.8,-131.2,0.44,-302.5
0.45,0.05,2,0.0,none,82,4.1,0.329,-131.8,-136.0,0.43,-307.1
0.45,0.05,2,0.0,trend_cons_60,82,4.1,0.329,-131.8,-136.0,0.43,-307.1
0.45,0.1,2,0.0,none,82,4.1,0.329,-131.8,-136.0,0.43,-307.1
0.45,0.15,2,0.0,none,82,4.1,0.329,-131.8,-136.0,0.43,-307.1
0.45,0.15,2,0.0,trend_cons_60,82,4.1,0.329,-131.8,-136.0,0.43,-307.1
0.45,0.2,2,0.0,trend_cons_60,82,4.1,0.329,-131.8,-136.0,0.43,-307.1
0.45,0.1,2,0.0,trend_cons_60,82,4.1,0.329,-131.8,-136.0,0.43,-307.1
0.45,0.2,2,0.0,none,82,4.1,0.329,-131.8,-136.0,0.43,-307.1
0.55,0.0,4,1.0,vol_climax,45,2.2,0.2,-98.5,-91.8,0.32,-309.4
0.45,0.0,4,0.5,vol_climax,80,4.0,0.275,-138.2,-135.8,0.43,-323.8
0.45,0.2,0,0.0,none,103,5.2,0.311,-155.0,-158.5,0.47,-327.2
0.45,0.15,0,0.0,trend_cons_60,103,5.2,0.311,-155.0,-158.5,0.47,-327.2
0.45,0.2,0,0.0,trend_cons_60,103,5.2,0.311,-155.0,-158.5,0.47,-327.2
0.45,0.15,0,0.0,none,103,5.2,0.311,-155.0,-158.5,0.47,-327.2
0.45,0.1,0,0.0,trend_cons_60,103,5.2,0.311,-155.0,-158.5,0.47,-327.2
0.45,0.1,0,0.0,none,103,5.2,0.311,-155.0,-158.5,0.47,-327.2
0.45,0.05,0,0.0,none,103,5.2,0.311,-155.0,-158.5,0.47,-327.2
0.45,0.05,0,0.0,trend_cons_60,103,5.2,0.311,-155.0,-158.5,0.47,-327.2
0.45,0.0,2,0.0,vol_climax,138,6.9,0.319,-179.2,-176.8,0.53,-337.1
0.55,0.0,4,0.5,vol_climax,61,3.0,0.246,-122.5,-120.0,0.36,-338.4
0.4,0.0,4,0.0,vol_climax,98,4.9,0.286,-154.2,-159.5,0.45,-339.4
0.3,0.0,3,0.5,vol_climax,106,5.3,0.321,-161.8,-159.2,0.47,-341.3
0.2,0.0,3,0.5,vol_climax,106,5.3,0.321,-161.8,-159.2,0.47,-341.3
0.4,0.0,3,0.5,vol_climax,106,5.3,0.321,-161.8,-159.2,0.47,-341.3
0.35,0.0,3,0.5,vol_climax,106,5.3,0.321,-161.8,-159.2,0.47,-341.3
0.25,0.0,3,0.5,vol_climax,106,5.3,0.321,-161.8,-159.2,0.47,-341.3
0.2,0.0,4,0.0,vol_climax,99,5.0,0.283,-155.5,-160.8,0.45,-343.7
0.3,0.0,4,0.0,vol_climax,99,5.0,0.283,-155.5,-160.8,0.45,-343.7
0.25,0.0,4,0.0,vol_climax,99,5.0,0.283,-155.5,-160.8,0.45,-343.7
0.35,0.0,4,0.0,vol_climax,99,5.0,0.283,-155.5,-160.8,0.45,-343.7
0.5,0.0,4,0.0,vol_climax,83,4.2,0.265,-145.0,-142.5,0.41,-350.1
0.55,0.0,4,1.5,vol_climax,31,1.6,0.226,-81.2,-74.5,0.22,-365.2
0.4,0.0,2,1.0,vol_climax,112,5.6,0.312,-172.5,-171.2,0.47,-369.6
0.45,0.0,4,0.0,vol_climax,93,4.7,0.269,-157.5,-155.0,0.42,-370.9
0.4,0.0,3,0.0,vol_climax,120,6.0,0.317,-182.8,-185.8,0.48,-381.2
0.2,0.0,2,0.5,vol_climax,146,7.3,0.329,-208.2,-205.8,0.49,-423.5
0.3,0.0,2,0.5,vol_climax,146,7.3,0.329,-208.2,-205.8,0.49,-423.5
0.25,0.0,2,0.5,vol_climax,146,7.3,0.329,-208.2,-205.8,0.49,-423.5
0.35,0.0,2,0.5,vol_climax,146,7.3,0.329,-208.2,-205.8,0.49,-423.5
0.55,0.0,4,0.0,vol_climax,71,3.5,0.239,-151.8,-149.2,0.34,-449.8
0.3,0.0,3,0.0,vol_climax,121,6.0,0.306,-204.8,-202.2,0.44,-465.9
0.2,0.0,3,0.0,vol_climax,121,6.0,0.306,-204.8,-202.2,0.44,-465.9
0.35,0.0,3,0.0,vol_climax,121,6.0,0.306,-204.8,-202.2,0.44,-465.9
0.25,0.0,3,0.0,vol_climax,121,6.0,0.306,-204.8,-202.2,0.44,-465.9
0.4,0.0,2,0.5,vol_climax,139,7.0,0.324,-217.5,-215.0,0.46,-470.5
0.4,0.0,2,0.0,vol_climax,155,7.8,0.323,-233.0,-236.0,0.48,-482.3
