id,trade_date,setup_name,direction,grade,score,ts_et,spot,charm_limit_entry,abs_es_price,lis,target,max_plus_gex,max_minus_gex,gap_to_lis,paradigm,vix,overvix,greek_alignment,spot_vol_beta,outcome_result,outcome_pnl,outcome_max_profit,outcome_max_loss,outcome_elapsed_min,outcome_first_event,outcome_target_level,outcome_stop_level,bofa_stop_level,bofa_target_level,abs_vol_ratio,vanna_all,vanna_weekly,vanna_monthly,comments
715,2026-03-12,AG Short,short,A,75.0,2026-03-12 09:38:29.174459,6724.73,,,6741.0,6668.0,6800.0,6650.0,16.27,AG-PURE,25.91,,-3,1.28,WIN,15.4,25.83,-1.53,10,target,6703.8999,6744.73,,,,5504386191.09,-99076891.74,1763781828.63,
718,2026-03-12,AG Short,short,A,75.0,2026-03-12 10:04:00.969759,6716.39,,,6736.0,6597.0,6800.0,6650.0,19.61,AG-PURE,25.92,,-3,1.65,WIN,17.1,29.21,-5.72,31,target,6692.1802,6736.39,,,,5496717006.12,-145497165.4,1526176979.73,
719,2026-03-12,AG Short,short,A,75.0,2026-03-12 10:08:31.103250,6716.31,6724.5,,6731.0,6678.0,6800.0,6650.0,14.69,AG-PURE,25.95,,-3,0.91,WIN,16.1,27.18,-7.75,27,target,6692.1802,6734.36,,,,5613441758.77,-103443708.23,1893745160.23,
722,2026-03-12,AG Short,short,A,80.0,2026-03-12 10:27:31.970954,6704.06,,,6716.0,6586.0,6800.0,6650.0,11.94,AG-PURE,26.32,,-3,1.3,WIN,10.9,16.88,3.24,7,target,6692.1802,6724.06,,,,5540993024.26,-126208806.0,1625101083.62,
725,2026-03-12,AG Short,short,A,80.0,2026-03-12 10:57:32.231190,6698.43,6701.0,,6702.0,6669.0,6795.0,6650.0,3.57,AG-LIS,26.4,,-3,1.32,WIN,11.7,18.33,1.89,20,target,6685.1001,6718.43,,,,5507812567.78,-121206983.44,1539676609.82,
728,2026-03-12,AG Short,short,A,80.0,2026-03-12 11:25:31.841691,6689.41,6701.0,,6689.0,6665.0,6760.0,6650.0,1.59,AG-PURE,26.86,,-3,1.9,LOSS,-20.0,3.89,-21.54,21,stop,,6705.13,,,,5443285484.21,-141509765.94,1381308451.73,
736,2026-03-12,AG Short,short,A,80.0,2026-03-12 12:13:59.624372,6695.77,6701.0,,6698.0,6659.0,6780.0,6650.0,2.23,AG-LIS,26.44,,-3,1.35,LOSS,-20.0,3.03,-23.29,9,stop,,6712.72,,,,5514053539.21,-144313782.79,1603632848.78,
744,2026-03-12,BofA Scalp,short,A,85.0,2026-03-12 13:31:34.660130,6701.57,,,6702.0,6691.57,,,0.43,BOFA-PURE,25.79,,-3,0.83,WIN,10.0,10.15,-5.32,14,10pt,6691.57,6714.0,6714.0,6691.57,,7184692246.26,-103781702.27,1602241455.8,
745,2026-03-12,BofA Scalp,short,A,75.0,2026-03-12 13:37:12.147299,6704.6,,,6702.0,6694.6,,,2.6,BOFA-PURE,25.74,,-3,0.83,WIN,10.0,12.39,-2.29,8,10pt,6694.6,6714.0,6714.0,6694.6,,7158546960.64,-110620328.7,1591997240.14,
760,2026-03-13,Skew Charm,short,B,55.0,2026-03-13 09:48:24.018498,6729.5,6738.0,,,6719.5,,,,GEX-LIS,24.82,,-1,-1.93,WIN,6.4,10.88,2.16,6,target,6726.62,6749.5,,,,7547047616.07,-43645753.27,2187721318.7,
779,2026-03-13,BofA Scalp,short,A-Entry,60.0,2026-03-13 12:04:01.019600,6649.89,6658.0,,6650.0,6639.89,,,0.11,BofA-LIS,27.26,,-3,-0.2,EXPIRED,-4.8,4.65,-6.32,30,timeout,6639.89,6662.0,6662.0,6639.89,,6893020894.06,-184690766.09,650595665.75,
791,2026-03-13,Paradigm Reversal,short,A-Entry,48.8,2026-03-13 13:13:15.946315,6653.74,6658.0,,6654.0,,,,0.26,BOFA-MESSY,27.07,,-3,-0.54,WIN,10.0,13.1,-5.77,33,10pt,6643.74,6668.74,,,,7649348051.08,-136193673.25,1403973071.51,
801,2026-03-13,BofA Scalp,short,A,75.0,2026-03-13 14:11:45.944397,6643.86,6648.0,,6648.0,6633.86,,,4.14,BOFA-PURE,27.38,,-3,-0.41,EXPIRED,-7.0,8.51,-9.1,30,timeout,6633.86,6660.0,6660.0,6633.86,,7669586666.6,-61914774.6,1333682138.75,
802,2026-03-13,DD Exhaustion,short,A,58.0,2026-03-13 14:25:44.571219,6637.86,6648.0,,,,,,,BOFA-PURE,27.49,,-1,-0.42,LOSS,-12.0,0.26,-12.89,8,stop,,6649.86,,,,7646013161.06,-26658371.75,1267691008.18,
803,2026-03-13,BofA Scalp,short,A,75.0,2026-03-13 14:32:15.189795,6646.97,6662.5,,6651.0,6636.97,,,4.03,BOFA-PURE,27.25,,-1,-0.33,EXPIRED,-1.8,-1.17,-9.6,30,timeout,6636.97,6663.0,6663.0,6636.97,,7671552240.18,-7620072.21,1308516787.51,
807,2026-03-13,Paradigm Reversal,short,A-Entry,58.8,2026-03-13 14:58:16.009833,6651.64,6658.0,,6652.0,,,,0.36,BOFA-PURE,26.96,,-3,-0.75,WIN,10.0,11.2,-0.86,22,10pt,6641.64,6666.64,,,,7748192906.57,-74815519.13,1511245975.78,
810,2026-03-13,BofA Scalp,short,A-Entry,70.0,2026-03-13 15:12:15.499154,6648.29,6658.0,,6653.0,6638.29,,,4.71,BOFA-PURE,27.3,,-3,-0.38,WIN,10.0,10.95,-0.23,9,10pt,6638.29,6665.0,6665.0,6638.29,,7674120309.13,-36262171.23,1367644214.69,
811,2026-03-13,DD Exhaustion,short,A+,87.0,2026-03-13 15:23:15.855220,6636.44,6651.0,,,,,,,BOFA-PURE,27.48,,-1,-0.55,WIN,6.8,12.52,-3.04,33,target,6648.44,6648.44,,,,7697383639.23,-20172863.17,1389189647.34,
812,2026-03-13,Skew Charm,short,C,36.0,2026-03-13 15:23:19.005883,6636.44,6651.0,,,6626.44,,,,BOFA-PURE,27.48,,-1,-0.55,WIN,7.3,12.52,-3.04,33,target,6631.9199,6656.44,,,,7697383639.23,-20172863.17,1389189647.34,
813,2026-03-16,Skew Charm,short,A,70.0,2026-03-16 09:46:04.353703,6713.44,6724.5,,,6703.44,,,,BOFA-PURE,24.22,,-1,-1.65,WIN,14.5,27.01,-9.43,66,target,6694.43,6733.44,,,,7728448118.18,618570977.91,1859198369.0,
815,2026-03-16,BofA Scalp,short,A,80.0,2026-03-16 10:00:36.111261,6711.61,,,6710.0,6701.61,,,1.61,BOFA-PURE,24.21,,-3,-1.84,LOSS,-10.4,0.68,-10.76,10,stop,6701.61,6722.0,6722.0,6701.61,,7576933465.88,440177949.47,1665918385.01,
818,2026-03-16,DD Exhaustion,short,A,66.0,2026-03-16 10:25:06.177269,6719.05,6727.5,,,,,,,BOFA-PURE,23.75,,-1,-2.25,WIN,18.8,32.62,-1.01,26,target,6691.43,6731.05,,,,7906015001.18,783226192.5,2161016642.64,
819,2026-03-16,Skew Charm,short,A,70.0,2026-03-16 10:27:37.199388,6718.14,6727.5,,,6708.14,,,,BOFA-PURE,23.76,,-1,-2.35,WIN,16.9,31.71,-1.92,24,target,6694.43,6738.14,,,,7912978785.18,746533844.69,2114622099.0,
827,2026-03-16,AG Short,short,A-Entry,60.0,2026-03-16 11:34:37.703821,6714.41,6717.5,,6723.0,6699.0,6735.0,6675.0,8.59,AG-PURE,23.46,,-3,-2.4,WIN,13.2,21.43,-0.61,33,target,6697.98,6734.41,,,,7681347334.82,536984042.85,1801424429.74,
832,2026-03-16,BofA Scalp,short,A+,90.0,2026-03-16 12:11:07.588232,6700.39,6716.0,,6705.0,6690.39,,,4.61,BOFA-PURE,24.16,,-3,-1.95,WIN,10.0,10.71,1.43,10,10pt,6690.39,6717.0,6717.0,6690.39,,7341148687.15,281886726.17,1466949754.35,
838,2026-03-16,Skew Charm,short,B,60.0,2026-03-16 13:14:37.645104,6703.75,6711.5,,,6693.75,,,,BOFA-PURE,24.07,,-1,-1.99,LOSS,-20.0,9.97,-26.04,116,stop,,6723.75,,,,7398527135.83,387703048.05,1608910768.09,
839,2026-03-16,DD Exhaustion,short,A,57.0,2026-03-16 13:17:06.536721,6700.53,6717.5,,,,,,,BOFA-PURE,24.18,,-1,-2.09,LOSS,-12.0,6.75,-20.59,113,stop,,6712.53,,,,7429513439.0,422655030.0,1658268071.44,
836,2026-03-16,BofA Scalp,short,A+,95.0,2026-03-16 13:28:37.574696,6704.35,,,6699.0,6687.3,,,4.35,BOFA-PURE,24.04,,-3,-1.85,EXPIRED,-7.1,4.03,-7.86,30,timeout,6687.3,6711.0,6711.0,6687.3,,7260838551.59,201071066.1,1356620080.29,
844,2026-03-16,BofA Scalp,short,A,75.0,2026-03-16 13:59:25.200676,6698.13,6708.0,,6701.0,6688.13,,,2.87,BOFA-PURE,24.05,,-3,-2.12,EXPIRED,-8.3,1.46,-11.33,30,timeout,6688.13,6713.0,6713.0,6688.13,,7265609514.68,249314276.66,1402497820.4,
847,2026-03-16,DD Exhaustion,short,A,60.0,2026-03-16 14:13:39.215799,6702.77,6716.0,,,,,,,BOFA-PURE,23.81,,-1,-2.4,LOSS,-12.0,0.15,-18.35,56,stop,,6714.77,,,,7404714437.24,406350412.1,1630335087.09,
848,2026-03-16,Skew Charm,short,B,55.0,2026-03-16 14:21:09.168058,6707.68,6717.5,,,6697.68,,,,BOFA-PURE,23.66,,-1,-2.41,LOSS,-20.0,5.06,-22.11,49,stop,,6727.68,,,,7479799962.4,484705954.12,1731737671.7,
850,2026-03-16,DD Exhaustion,short,A+,85.0,2026-03-16 14:43:39.757736,6709.59,6717.5,,,,,,,BOFA-PURE,23.56,,-1,-2.49,LOSS,-12.0,6.97,-20.2,27,stop,,6721.59,,,,7451440894.3,456175873.59,1684312701.58,
851,2026-03-16,Skew Charm,short,C,43.0,2026-03-16 14:52:39.609796,6709.18,6717.5,,,6699.18,,,,BOFA-PURE,23.61,,-1,-2.53,LOSS,-20.0,6.56,-20.61,18,stop,,6729.18,,,,7499453002.65,500379177.44,1739011975.49,
856,2026-03-17,Skew Charm,short,A+,85.0,2026-03-17 09:45:34.126957,6746.34,6753.0,,,6736.34,,,,GEX-MESSY,22.19,,-1,-0.73,WIN,10.8,19.58,-7.96,35,target,6734.76,6766.34,,,,7994336318.51,1170552643.12,2687059260.06,
861,2026-03-17,Skew Charm,short,A+,85.0,2026-03-17 10:25:36.133591,6731.09,,,,6721.09,,,,AG-PURE,22.51,,-1,-0.54,WIN,10.0,17.9,-12.36,79,target,6721.1899,6751.09,,,,7794176208.21,956832960.93,2410187410.57,
860,2026-03-17,AG Short,short,A,75.0,2026-03-17 10:35:06.009191,6738.48,,,6742.0,6694.0,6760.0,6680.0,0.52,AG-PURE,22.24,,-1,-0.54,WIN,13.7,22.46,-7.8,78,target,6718.1899,6755.65,,,,7753972919.19,908454583.22,2332491813.36,
864,2026-03-17,AG Short,short,A,75.0,2026-03-17 10:44:06.477768,6741.85,,,6743.0,6726.0,6760.0,6680.0,1.15,AG-PURE,21.98,,-1,-0.78,WIN,15.4,25.83,-4.43,57,target,6718.1899,6759.02,,,,7812534699.9,942183196.23,2387916292.48,
865,2026-03-17,DD Exhaustion,short,A,68.0,2026-03-17 10:45:36.039030,6742.26,6753.0,,,,,,,AG-PURE,21.93,,-1,-0.78,WIN,17.0,29.07,-1.19,55,target,6718.1899,6754.26,,,,7875945757.75,1004561810.24,2481421721.97,
866,2026-03-17,Paradigm Reversal,short,A,70.0,2026-03-17 10:57:07.569918,6742.59,6754.5,,6744.0,,,,1.41,SIDIAL-MESSY,21.95,,-1,-0.97,WIN,10.0,10.07,0.75,10,10pt,6732.59,6757.59,,,,7909450754.21,1045225859.97,2551539508.83,
867,2026-03-17,Skew Charm,short,A+,93.0,2026-03-17 10:57:08.203038,6742.59,6754.5,,,6732.59,,,,SIDIAL-MESSY,21.95,,-1,-0.97,WIN,9.0,16.07,0.75,21,target,6734.52,6762.59,,,,7909450754.21,1045225859.97,2551539508.83,
870,2026-03-17,BofA Scalp,short,A,85.0,2026-03-17 11:25:06.264577,6729.71,6739.5,,6734.0,6720.14,,,2.29,BofA-LIS,22.42,,-3,-0.74,WIN,10.0,11.47,-4.57,20,10pt,6720.14,6746.0,6746.0,6720.14,,7719730834.43,765562480.2,2146366437.78,
874,2026-03-17,AG Short,short,A,75.0,2026-03-17 11:44:36.391406,6721.15,6719.5,,6723.0,6699.0,6750.0,6680.0,1.85,AG-PURE,22.89,,-3,-0.21,EXPIRED,6.4,7.14,-10.3,252,timeout,,6741.15,,,,7581438726.89,613802352.59,1889888137.54,
877,2026-03-17,AG Short,short,A,75.0,2026-03-17 11:53:06.415313,6721.36,,,6722.0,6701.0,6750.0,6680.0,0.64,AG-LIS,22.83,,-3,-0.27,WIN,5.0,10.56,-2.2,25,target,6721.36,6741.36,,,,7675650141.28,670156377.82,1977395604.53,
880,2026-03-17,AG Short,short,A,75.0,2026-03-17 12:19:36.278997,6721.2,6721.0,,6721.0,6706.0,6750.0,6680.0,0.8,AG-LIS,22.74,,-3,-0.27,EXPIRED,6.4,6.45,-10.25,217,timeout,,6741.2,,,,7640043825.99,556029472.58,1816750289.48,
883,2026-03-17,AG Short,short,A-Entry,65.0,2026-03-17 12:43:06.877809,6718.74,6719.5,,6721.0,6707.0,6750.0,6680.0,2.26,AG-PURE,22.73,,-3,-0.44,EXPIRED,4.0,3.99,-12.71,194,timeout,,6738.74,,,,7700272164.0,570512136.85,1846665459.6,
888,2026-03-17,AG Short,short,A-Entry,60.0,2026-03-17 13:04:39.958537,6727.83,,,6732.0,6716.0,6750.0,6680.0,4.17,AG-LIS,22.41,,-3,-0.52,WIN,11.5,13.08,-3.62,172,target,6727.83,6747.83,,,,7697740659.25,570836314.57,1855361615.11,
891,2026-03-17,AG Short,short,A-Entry,65.0,2026-03-17 13:48:45.788920,6722.09,,,6724.0,6710.0,6750.0,6700.0,1.91,AG-LIS,22.44,-1.73,-3,-0.68,EXPIRED,7.3,7.34,-9.36,128,timeout,,6742.09,,,,7755990892.71,576360860.11,1894018382.83,
893,2026-03-17,AG Short,short,A-Entry,65.0,2026-03-17 13:55:26.429197,6727.61,,,6729.0,6716.0,6750.0,6700.0,1.39,AG-LIS,22.23,-1.84,-3,-0.72,WIN,11.4,12.86,-3.84,121,target,6727.61,6747.61,,,,7770271863.48,588260728.52,1903549551.67,
897,2026-03-17,BofA Scalp,short,A-Entry,70.0,2026-03-17 14:08:56.163676,6730.76,6737.5,,6732.0,6720.76,,,1.24,BOFA-PURE,22.09,-1.91,-3,-0.95,WIN,10.0,10.07,-0.69,16,10pt,6720.76,6744.0,6744.0,6720.76,,7917647028.26,717942745.62,2086856440.93,
903,2026-03-17,DD Exhaustion,short,A-Entry,50.0,2026-03-17 15:16:55.804552,6723.48,6724.0,,,,,,,BOFA-PURE,22.26,-1.87,1,-0.83,EXPIRED,8.7,8.73,-0.58,40,timeout,,6735.48,,,,7800782858.5,543804775.22,1844234379.45,
904,2026-03-17,Skew Charm,short,B,53.0,2026-03-17 15:16:59.029477,6723.48,6724.0,,,6713.48,,,,BOFA-PURE,22.26,-1.87,1,-0.83,EXPIRED,8.7,8.73,-0.58,40,timeout,,6743.48,,,,7800782858.5,543804775.22,1844234379.45,
907,2026-03-18,Skew Charm,short,A+,85.0,2026-03-18 09:48:40.570242,6701.98,,,,6691.98,,,,AG-TARGET,22.82,-2.1,-1,0.48,WIN,6.2,10.32,-0.87,19,target,6699.66,6721.98,,,,7658814434.5,343125213.5,2028736105.86,
908,2026-03-18,DD Exhaustion,short,A,61.0,2026-03-18 10:09:10.441091,6702.07,,,,,,,,AG-TARGET,22.6,-2.27,-1,0.38,WIN,13.0,21.1,1.91,7,target,6685.97,6714.07,,,,7676670381.24,313882736.33,2025389291.53,
911,2026-03-18,Skew Charm,short,A+,85.0,2026-03-18 10:22:43.310742,6685.45,6689.5,,,6675.45,,,,AG-TARGET,23.16,-2.13,-1,0.51,WIN,10.1,18.13,1.73,10,target,6675.3198,6705.45,,,,7605378338.51,222696155.56,1885660963.65,
913,2026-03-18,AG Short,short,A,75.0,2026-03-18 10:44:13.280268,6667.42,6669.5,,6677.0,6621.0,6750.0,6610.0,9.58,AG-TARGET,23.83,-1.93,-3,0.87,LOSS,-20.0,0.9,-20.27,22,stop,,6687.42,,,,7440184053.45,5581588.62,1598519370.12,
916,2026-03-18,DD Exhaustion,short,A,68.0,2026-03-18 10:59:43.261057,6678.52,6689.5,,,,,,,AG-TARGET,23.28,-2.14,-1,0.9,WIN,14.2,23.43,-8.9,216,target,6660.0898,6690.52,,,,7473145123.93,44295838.33,1668291534.72,
917,2026-03-18,Skew Charm,short,A+,85.0,2026-03-18 10:59:46.775737,6678.52,6689.5,,,6668.52,,,,AG-TARGET,23.28,-2.14,-1,0.9,WIN,6.1,10.24,-10.17,113,target,6676.28,6698.52,,,,7473145123.93,44295838.33,1668291534.72,
919,2026-03-18,DD Exhaustion,short,A,58.0,2026-03-18 11:29:43.431246,6680.47,6689.5,,,,,,,AG-TARGET,23.31,-2.16,-1,0.66,WIN,15.2,25.38,-3.02,186,target,6660.0898,6692.47,,,,7608713052.0,137383368.91,1813746717.11,
920,2026-03-18,Skew Charm,short,A+,85.0,2026-03-18 11:32:43.059094,6680.42,6689.5,,,6670.42,,,,AG-TARGET,23.32,-2.15,-1,0.69,WIN,7.1,12.14,-4.73,80,target,6676.28,6700.42,,,,7611322743.91,135841684.52,1812222712.15,
921,2026-03-18,DD Exhaustion,short,A,62.0,2026-03-18 12:06:43.150690,6676.58,6689.5,,,,,,,AG-TARGET,23.42,-2.15,-1,0.69,WIN,13.2,21.49,-6.15,149,target,6660.0898,6688.58,,,,7539676215.34,86537191.36,1713364792.63,
922,2026-03-18,Skew Charm,short,A,75.0,2026-03-18 12:08:13.572498,6677.58,6689.5,,,6667.58,,,,AG-TARGET,23.37,-2.18,-1,0.69,WIN,8.4,14.72,-5.98,87,target,6670.8599,6697.58,,,,7539676215.34,86537191.36,1713364792.63,
925,2026-03-18,DD Exhaustion,short,A,70.0,2026-03-18 12:39:13.825727,6674.5,6681.5,,,,,,,AG-TARGET,23.43,-2.13,-1,0.79,WIN,12.6,20.29,-6.99,123,target,6659.21,6686.5,,,,7439055731.75,-37305133.22,1540282820.37,
926,2026-03-18,Skew Charm,short,A,75.0,2026-03-18 12:44:43.556769,6674.83,6681.5,,,6664.83,,,,SIDIAL-EXTREME,23.45,-2.12,-1,0.7,WIN,7.0,11.97,-5.5,50,target,6670.8599,6694.83,,,,7484083096.53,40338534.35,1643870905.33,
929,2026-03-18,Skew Charm,short,A,75.0,2026-03-18 13:23:14.066740,6668.23,,,,6658.23,,,,AG-PURE,23.66,-1.96,-1,0.87,WIN,7.6,13.14,-13.26,73,target,6663.0898,6688.23,,,,7462695099.17,-23857556.34,1561256646.76,
930,2026-03-18,DD Exhaustion,short,A-Entry,40.0,2026-03-18 13:27:44.753149,6667.62,6669.5,,,,,,,SIDIAL-EXTREME,23.65,-1.97,-1,0.86,LOSS,-12.0,4.76,-13.59,32,stop,,6679.62,,,,7478461371.89,-12661174.47,1581015680.35,
931,2026-03-18,Skew Charm,short,A,75.0,2026-03-18 13:55:43.679602,6672.44,6681.5,,,6662.44,,,,SIDIAL-EXTREME,23.43,-2.04,-1,0.74,WIN,9.7,17.35,-9.05,40,target,6663.0898,6692.44,,,,7442300426.14,-46878227.9,1556501411.59,
932,2026-03-18,DD Exhaustion,short,A+,75.0,2026-03-18 13:59:43.665076,6675.92,6689.5,,,,,,,SIDIAL-EXTREME,23.27,-2.12,-1,0.69,WIN,12.9,20.83,-5.57,36,target,6660.0898,6687.92,,,,7464356551.1,-20438303.4,1577054105.92,
933,2026-03-18,DD Exhaustion,short,A-Entry,51.0,2026-03-18 14:21:00.598972,6667.31,,,,,,,,SIDIAL-EXTREME,23.44,-2.02,-1,0.51,WIN,15.0,24.97,-3.36,42,target,6647.3398,6679.31,,,,7461314167.17,-112770787.75,1486342839.37,
934,2026-03-18,Skew Charm,short,A,70.0,2026-03-18 14:21:33.273074,6667.05,,,,6657.05,,,,SIDIAL-EXTREME,23.45,-2.03,-1,0.51,WIN,7.0,11.96,-3.62,14,target,6663.0898,6687.05,,,,7461314167.17,-112770787.75,1486342839.37,
941,2026-03-18,Paradigm Reversal,short,A,67.5,2026-03-18 14:53:32.462955,6649.56,6654.5,,6647.0,,,,2.56,BOFA-MESSY,23.99,-1.83,-3,0.83,WIN,10.0,10.96,-5.2,27,10pt,6639.56,6664.56,,,,7437379279.36,-234762673.54,1311982843.11,
943,2026-03-18,DD Exhaustion,short,A,65.0,2026-03-18 15:07:02.700303,6654.76,,,,,,,,GEX-LIS,23.64,-2.0,-1,0.79,WIN,17.3,29.64,1.9,43,target,6630.1201,6666.76,,,,7410552004.07,-305385649.01,1211918075.55,
944,2026-03-18,Skew Charm,short,C,38.0,2026-03-18 15:07:10.668447,6654.76,,,,6644.76,,,,GEX-LIS,23.64,-2.0,-1,0.79,WIN,18.7,29.64,1.9,50,target,6633.1201,6674.76,,,,7410552004.07,-305385649.01,1211918075.55,
945,2026-03-18,Vanna Pivot Bounce,short,C,49.0,2026-03-18 15:10:01.628633,6652.78,6654.5,,,6642.78,,,,,23.72,-1.95,-3,0.79,WIN,10.0,10.61,0.75,10,10pt,6642.78,6660.78,,,,7440999907.4,-252572199.68,1288808034.56,
948,2026-03-18,Vanna Pivot Bounce,short,B,53.0,2026-03-18 15:25:01.693868,6637.2,6644.0,,,6627.2,,,,,24.16,-1.81,-3,0.9,WIN,10.0,10.3,-3.25,19,10pt,6627.2,6645.2,,,,7408915067.14,-323400962.34,1176230377.42,
952,2026-03-19,Skew Charm,short,C,43.0,2026-03-19 09:46:09.847392,6579.4,6592.5,,,6569.4,,,,GEX-LIS,26.61,-0.97,-1,1.36,LOSS,-20.0,4.85,-23.16,25,stop,,6599.4,,,,6517159203.73,-198550234.03,954122608.19,
953,2026-03-19,DD Exhaustion,short,A,58.0,2026-03-19 10:06:41.656102,6591.54,6592.5,,,,,,,GEX-PURE,25.67,-1.33,-1,0.31,WIN,12.9,20.89,-6.49,24,target,6575.65,6603.54,,,,6837957631.35,713685.77,1344762993.87,
956,2026-03-19,Skew Charm,short,A,73.0,2026-03-19 10:20:39.877994,6586.91,6592.5,,,6576.91,,,,GEX-PURE,25.84,-1.13,-1,0.17,WIN,9.1,16.26,2.88,11,target,6578.65,6606.91,,,,6841801400.45,-12916462.61,1271091971.64,
958,2026-03-19,DD Exhaustion,short,A,68.0,2026-03-19 10:34:36.587566,6587.72,,,,,,,,GEX-PURE,25.79,-1.15,-1,0.76,LOSS,-12.0,6.48,-12.75,31,stop,,6599.72,,,,6759303915.91,-92793688.06,1108310995.13,
959,2026-03-19,Skew Charm,short,A,73.0,2026-03-19 10:38:08.604800,6591.21,6592.5,,,6581.21,,,,GEX-PURE,25.61,-1.2,-1,0.23,WIN,6.4,10.81,0.68,13,target,6588.4,6611.21,,,,6854296770.64,20708959.12,1311433567.93,
961,2026-03-19,Skew Charm,short,A+,85.0,2026-03-19 11:07:15.019212,6604.69,6608.0,,,6594.69,,,,GEX-PURE,24.96,-1.44,-1,-0.15,WIN,6.1,10.25,-0.24,10,target,6602.44,6624.69,,,,6919993211.48,3979326.67,1326774046.6,
963,2026-03-19,DD Exhaustion,short,A-Entry,46.0,2026-03-19 11:11:16.693569,6596.24,,,,,,,,GEX-PURE,25.09,-1.39,-1,-0.15,WIN,14.5,24.06,-7.91,29,target,6577.18,6608.24,,,,6975093993.09,60718751.1,1428420572.54,
966,2026-03-19,Skew Charm,short,C,48.0,2026-03-19 11:39:45.071265,6575.4,6592.5,,,6565.4,,,,GEX-LIS,25.8,-1.11,-1,0.06,LOSS,-20.0,4.24,-20.87,24,stop,,6595.4,,,,6781349255.05,-152312351.51,1083111792.59,
967,2026-03-19,DD Exhaustion,short,A,65.0,2026-03-19 11:48:15.015651,6574.48,6578.0,,,,,,,GEX-LIS,25.82,-1.09,-1,0.15,LOSS,-12.0,-2.66,-13.74,13,stop,,6586.48,,,,6804084734.14,-173163687.41,1051576256.58,
969,2026-03-19,Paradigm Reversal,short,A-Entry,58.8,2026-03-19 12:03:24.558285,6595.32,,,6597.0,,,,1.68,BOFA-PURE,25.1,-1.33,-1,-0.01,WIN,10.0,11.11,-1.41,12,10pt,6585.32,6610.32,,,,6953747525.45,-39132627.56,1285473232.79,
971,2026-03-19,Skew Charm,short,B,53.0,2026-03-19 12:11:53.200166,6589.07,6592.5,,,6579.07,,,,BOFA-PURE,25.16,-1.3,-1,-0.29,WIN,12.8,23.58,-4.77,67,target,6573.49,6609.07,,,,7126205168.99,85347556.22,1486688829.68,
975,2026-03-19,Skew Charm,short,B,60.0,2026-03-19 12:43:24.475864,6590.18,6592.5,,,6580.18,,,,BOFA-PURE,24.91,-1.32,-1,-0.4,WIN,13.3,24.69,0.05,35,target,6573.49,6610.18,,,,7045274369.07,-64580391.06,1265865465.4,
976,2026-03-19,DD Exhaustion,short,A-Entry,47.0,2026-03-19 12:45:54.440970,6587.51,6592.5,,,,,,,BOFA-PURE,25.02,-1.28,-1,-0.4,WIN,13.5,22.02,-1.16,31,target,6570.49,6599.51,,,,7100056218.48,-2897990.09,1357288606.23,
970,2026-03-19,BofA Scalp,short,A+,90.0,2026-03-19 13:08:55.122042,6571.06,,,6597.0,6586.73,,,0.94,BOFA-PURE,25.42,-1.34,-1,-0.01,WIN,10.0,10.61,0.9,6,10pt,6586.73,6609.0,6609.0,6586.73,,6981295426.88,-31977318.75,1301739658.07,
983,2026-03-19,Skew Charm,short,B,55.0,2026-03-19 14:16:24.541028,6591.65,6592.5,,,6581.65,,,,BOFA-PURE,24.55,-1.39,-1,-0.65,WIN,10.6,19.27,0.98,40,target,6580.38,6611.65,,,,7112978175.9,-62920308.08,1245356784.52,
984,2026-03-19,DD Exhaustion,short,A,60.0,2026-03-19 14:17:55.527160,6588.21,6592.5,,,,,,,BOFA-PURE,24.63,-1.35,-1,-0.89,LOSS,-1.0,15.83,-12.11,43,stop,,6600.21,,,,7146321172.91,-23122855.3,1304320765.4,
988,2026-03-19,Skew Charm,short,C,38.0,2026-03-19 15:03:25.226105,6608.78,6609.5,,,6598.78,,,,BOFA-PURE,23.94,-1.58,-1,-0.97,LOSS,-20.0,1.43,-23.98,3,stop,,6628.78,,,,7246888027.7,32024629.97,1348369254.26,
989,2026-03-19,DD Exhaustion,short,A+,80.0,2026-03-19 15:04:26.060461,6607.35,6609.5,,,,,,,BOFA-PURE,24.02,-1.56,-1,-0.97,LOSS,-12.0,-4.62,-12.48,1,stop,,6619.35,,,,7344115006.25,141255901.03,1475094930.12,
992,2026-03-19,Skew Charm,short,LOG,30.0,2026-03-19 15:35:55.098363,6602.9,6614.0,,,6592.9,,,,BOFA-PURE,24.32,-1.36,-1,-0.88,EXPIRED,-5.0,1.13,-9.95,21,timeout,,6622.9,,,,7440281277.0,271370639.46,1684503560.58,
995,2026-03-20,Skew Charm,short,C,45.0,2026-03-20 09:45:42.488134,6591.02,6592.5,,,6581.02,,,,GEX-LIS,24.71,-1.21,-1,0.41,WIN,20.5,38.98,-0.77,20,target,6560.04,6605.02,,,,7220479702.8,144171841.28,1211707748.25,
997,2026-03-20,DD Exhaustion,short,A,68.0,2026-03-20 10:01:44.707688,6555.68,6564.5,,,,,,,GEX-LIS,25.99,-0.7,-1,0.95,WIN,13.8,22.62,-9.01,217,target,6538.0601,6567.68,,,,7049974564.63,115083960.12,913652449.51,
999,2026-03-20,Skew Charm,short,C,43.0,2026-03-20 10:24:42.315273,6546.79,6547.5,,,6536.79,,,,GEX-LIS,26.5,-0.49,-1,1.38,LOSS,-14.0,8.34,-15.08,59,stop,,6560.79,,,,7046760158.59,111133085.61,863396746.71,
1000,2026-03-20,DD Exhaustion,short,A,70.0,2026-03-20 10:39:12.566657,6550.93,6564.5,,,,,,,GEX-LIS,26.26,-0.61,-1,1.18,LOSS,-1.0,12.48,-13.08,85,stop,,6562.93,,,,7081310797.07,142878165.06,967876188.6,
1001,2026-03-20,Skew Charm,short,C,38.0,2026-03-20 10:55:42.384267,6542.21,6547.5,,,6532.21,,,,GEX-LIS,26.35,-0.57,-1,1.13,LOSS,-14.0,-1.73,-14.81,18,stop,,6556.21,,,,7060156037.2,147844390.98,907549115.96,
1003,2026-03-20,DD Exhaustion,short,A+,80.0,2026-03-20 11:13:42.376478,6554.9,6561.5,,,,,,,GEX-LIS,25.76,-0.82,-1,1.02,WIN,13.4,21.84,-9.79,145,target,6538.0601,6566.9,,,,7043530628.64,139159472.42,901723959.7,
1005,2026-03-20,Skew Charm,short,C,38.0,2026-03-20 11:27:13.904283,6544.64,6557.5,,,6534.64,,,,GEX-LIS,25.92,-0.74,-1,0.86,LOSS,-14.0,1.37,-14.12,33,stop,,6558.64,,,,7084139705.71,127173125.22,891268098.93,
1007,2026-03-20,DD Exhaustion,short,A+,84.0,2026-03-20 11:50:42.367567,6551.43,6564.5,,,,,,,GEX-LIS,25.62,-0.85,-1,0.81,LOSS,-12.0,3.21,-12.58,13,stop,,6563.43,,,,7043843414.16,119091466.39,873909477.48,
1009,2026-03-20,Skew Charm,short,C,38.0,2026-03-20 11:57:44.205200,6556.32,6564.5,,,6546.32,,,,GEX-LIS,25.42,-0.92,-1,0.61,WIN,6.0,10.08,-8.37,58,target,6554.24,6570.32,,,,7038152484.31,116161200.97,896110029.45,
1010,2026-03-20,Paradigm Reversal,short,A-Entry,58.8,2026-03-20 12:07:18.683379,6559.28,6564.5,,6561.0,,,,1.72,BOFA-PURE,25.25,-0.97,-1,0.41,WIN,10.0,10.22,-5.41,24,10pt,6549.28,6574.28,,,,7041831516.5,111635136.41,938082421.9,
1011,2026-03-20,DD Exhaustion,short,A,69.0,2026-03-20 12:23:13.769854,6564.16,6571.5,,,,,,,BOFA-PURE,25.22,-0.91,-1,0.41,WIN,18.0,31.1,-0.19,76,target,6538.0601,6576.16,,,,7067643918.3,107712374.46,952576718.47,
1012,2026-03-20,Skew Charm,short,C,43.0,2026-03-20 12:28:42.483010,6557.88,6564.5,,,6547.88,,,,BOFA-PURE,25.41,-0.88,-1,0.47,WIN,6.8,11.64,0.08,27,target,6554.24,6571.88,,,,7057808161.73,102031442.49,939287779.54,
1014,2026-03-20,DD Exhaustion,short,A+,89.0,2026-03-20 12:55:42.316213,6551.63,6561.5,,,,,,,BOFA-PURE,25.54,-0.86,-1,0.77,WIN,21.6,38.16,-6.06,90,target,6518.4702,6563.63,,,,7058661328.45,100597716.72,839522072.85,
1015,2026-03-20,Skew Charm,short,C,43.0,2026-03-20 12:59:12.267597,6556.08,6564.5,,,6546.08,,,,BOFA-PURE,25.36,-0.96,-1,0.64,WIN,12.5,23.02,-1.17,41,target,6541.0601,6570.08,,,,7058519048.94,101908293.92,869889792.09,
1016,2026-03-20,DD Exhaustion,short,A+,79.0,2026-03-20 13:25:42.932510,6549.02,6554.0,,,,,,,GEX-LIS,25.69,-0.83,-1,0.79,WIN,20.3,35.55,0.0,60,target,6518.4702,6561.02,,,,7041870080.53,124243790.75,856590037.18,
1017,2026-03-20,Skew Charm,short,LOG,28.0,2026-03-20 13:30:42.410425,6548.59,6551.0,,,6538.59,,,,GEX-LIS,25.78,-0.79,-1,0.75,WIN,8.8,15.53,0.03,9,target,6541.0601,6562.59,,,,7055654341.24,125295784.14,857608015.99,
1019,2026-03-20,DD Exhaustion,short,A,69.0,2026-03-20 13:57:44.765239,6540.24,6544.0,,,,,,,GEX-LIS,26.17,-0.56,-1,1.15,WIN,15.9,26.77,0.0,28,target,6518.4702,6552.24,,,,6989372735.44,112981308.91,794350399.81,
1020,2026-03-20,Skew Charm,short,LOG,23.0,2026-03-20 14:02:12.620337,6538.58,6544.0,,,6528.58,,,,GEX-LIS,26.13,-0.59,-1,1.06,WIN,13.6,25.11,1.09,26,target,6521.4702,6552.58,,,,6970501078.14,100228374.78,774967168.74,
1022,2026-03-20,DD Exhaustion,short,A+,82.0,2026-03-20 14:11:34.036932,6531.19,6538.0,,,,,,,GEX-LIS,26.39,-0.48,-1,1.17,WIN,17.0,29.01,-1.04,48,target,6507.1802,6543.19,,,,6952746504.71,95522961.3,718950261.64,
1038,2026-03-23,Skew Charm,short,A,70.0,2026-03-23 09:45:35.456862,6604.94,6611.5,,,6594.94,,,,BOFA-MESSY,24.73,-0.66,1,-1.18,LOSS,-14.0,3.63,-14.74,5,stop,,6618.94,,,,7601433350.07,12294515.06,1268685592.6,
1041,2026-03-23,DD Exhaustion,short,B,55.0,2026-03-23 10:13:35.559802,6625.08,6638.0,,,,,,,AG-LIS,24.29,-0.78,1,-1.22,LOSS,-12.0,1.43,-12.13,6,stop,,6637.08,,,,7653275360.42,-35285769.67,1293015779.91,
1043,2026-03-23,Skew Charm,short,B,59.0,2026-03-23 10:16:05.097152,6632.43,6638.0,,,6622.43,,,,AG-LIS,24.22,-0.81,1,-1.22,LOSS,-14.0,1.9,-14.16,7,stop,,6646.43,,,,7635653100.4,-31486584.95,1330604969.5,
1047,2026-03-23,AG Short,short,A+,82.0,2026-03-23 10:38:54.596510,6632.38,6638.0,,6647.0,6576.0,6600.0,6550.0,3.62,AG-LIS,24.58,-0.71,-1,-1.42,LOSS,-11.9,1.29,-13.23,10,stop,,6641.0,,,,7578082740.07,-61175472.37,1352644227.79,
1057,2026-03-23,AG Short,short,A+,75.0,2026-03-23 11:03:11.245297,6650.11,,,6665.0,6613.0,6650.0,6550.0,14.89,AG-LIS,24.16,-0.83,-3,-1.04,WIN,19.2,33.39,-0.51,38,target,6621.72,6670.0,,,,7442403035.63,-93139631.77,1338399589.15,
1065,2026-03-23,AG Short,short,A+,71.0,2026-03-23 11:57:17.300382,6593.42,6594.0,,6611.0,6582.0,6600.0,6500.0,17.58,AG-LIS,26.01,0.01,-1,-0.34,WIN,11.9,18.77,-4.57,29,target,6579.6499,6613.42,,,,7513461760.19,-86985706.2,1191893615.55,
1066,2026-03-23,DD Exhaustion,short,B,63.0,2026-03-23 11:59:47.317670,6586.23,6587.0,,,,,,,AG-LIS,26.32,0.12,-1,-0.34,WIN,12.8,20.68,-11.76,32,target,6570.5498,6598.23,,,,7579638886.62,-35413860.52,1172223269.15,
1069,2026-03-23,AG Short,short,A,65.0,2026-03-23 12:10:53.082316,6592.86,,,6606.0,6586.0,6600.0,6500.0,0.14,AG-LIS,26.0,-0.08,-1,-0.02,WIN,11.6,18.21,-3.92,15,target,6579.6499,6611.0,,,,7628189987.66,-19794876.28,1176534310.85,
1076,2026-03-23,Skew Charm,short,A,75.0,2026-03-23 12:26:49.617491,6579.56,,,,6569.56,,,,SIDIAL-EXTREME,26.41,0.07,-1,-0.09,WIN,7.4,12.73,2.06,7,target,6574.83,6593.56,,,,7589551135.06,-15925966.07,1134603520.25,
1078,2026-03-23,DD Exhaustion,short,A+,88.0,2026-03-23 12:32:20.574189,6574.71,,,,,,,,SIDIAL-EXTREME,26.56,0.14,-1,0.49,LOSS,-12.0,-5.23,-16.28,13,stop,,6586.71,,,,7578238990.86,-3005876.72,1134277175.07,
1083,2026-03-23,AG Short,short,B,40.0,2026-03-23 12:56:57.253852,6584.08,,,6587.0,6554.0,6600.0,6500.0,2.92,AG-TARGET,25.93,-0.24,-3,-0.24,WIN,5.0,12.03,-12.27,37,target,6584.08,6600.0,,,,7578296971.65,-64394926.17,1150261697.4,
1090,2026-03-23,AG Short,short,A+,77.0,2026-03-23 13:13:52.993649,6586.35,,,6590.0,6546.0,6600.0,6500.0,3.65,AG-PURE,25.83,-0.29,-3,-0.37,WIN,5.0,14.3,-10.0,20,target,6586.35,6600.0,,,,7560042736.75,-88044416.93,1116606571.13,
1102,2026-03-23,AG Short,short,A+,70.0,2026-03-23 14:04:21.519618,6607.89,6612.0,,6626.0,6583.0,6600.0,6550.0,18.11,AG-PURE,25.0,-0.61,-1,,WIN,5.0,14.83,-3.75,29,target,6607.89,6627.89,,,,7529725404.77,-189826280.7,1198553516.51,
1111,2026-03-23,AG Short,short,A+,70.0,2026-03-23 14:40:38.081953,6616.24,6610.5,,6624.0,6586.0,6600.0,6575.0,7.76,AG-PURE,25.01,-0.42,-1,-0.61,WIN,11.7,18.46,-0.77,61,target,6602.78,6629.0,,,,7483962411.02,-228388892.99,1120145647.87,
1119,2026-03-23,AG Short,short,A+,70.0,2026-03-23 14:59:29.171415,6616.82,6615.5,,6622.0,6570.0,6600.0,6575.0,5.18,AG-PURE,25.25,-0.33,-1,-0.76,WIN,12.0,19.04,1.32,42,target,6602.78,6627.0,,,,7380485277.92,-246293719.27,1140408457.49,
